#columns: id,definition,preferred_spelling,phonetic_spelling,alt_spelling,word_class,conjugation_kind,jlpt_level,date_added,row_num,lessons,tags
f552ea3a-8b7f-5433-aa20-4c93a6868fb3,Good morning,おはよう,おはよう,,expression,,2,2022-04-24,1,GENKI3_L00,greeting expression genki3-l00
8359d7d1-d6d6-5995-962e-3f6566232911,Good morning (polite),おはようございます,おはようございます,,expression,,,2022-04-24,2,GENKI3_L00,greeting expression genki3-l00
4c55fd59-1160-52d2-8383-00f292668c1f,Good afternoon,こんにちは,こんにちは,,expression,,3,2022-04-24,3,DUO_01_02 DUO_U01 GENKI3_L00,greeting expression duo-01-02 duo-u01 genki3-l00
8d46e404-38ff-518c-a25d-cb95d6f2c511,Good evening,こんばんは,こんばんは,,expression,,2,2022-04-24,4,GENKI3_L00,greeting expression genki3-l00
1184380a-27db-5f8e-841d-7b105c2a7366,Goodbye,さようなら,さようなら,,expression,,2,2022-04-24,5,DUO_01_02 DUO_U01 GENKI3_L00,greeting expression duo-01-02 duo-u01 genki3-l00
3ecfb07b-0a66-555c-97c4-5af7cb806507,Goodnight,おやすみ,おやすみ,,expression,,2,2022-04-24,6,GENKI3_L00,greeting expression genki3-l00
a419bb62-f061-5ac6-856b-6f85002642c6,Goodnight (polite),おやすみなさい,おやすみなさい,,expression,,,2022-04-24,7,GENKI3_L00,greeting expression genki3-l00
c7a645f7-256a-536a-a5ee-5f85e8ce1137,Thank you,ありがとう,ありがとう,有り難う,expression,,3,2022-04-24,8,GENKI3_L00,greeting expression genki3-l00
b626308d-6418-5a2c-9151-7a8a368f27a3,Thank you (polite),ありがとうございます,ありがとうございます,有難うございます,expression,,,2022-04-24,9,GENKI3_L00,greeting expression genki3-l00
1913dbc6-4712-549a-9274-dc3511cecbfe,I'll go and come back,行ってきます,いってきます,,expression,,,2022-04-24,10,GENKI3_L00,greeting expression genki3-l00
e7161fcf-fbaf-5971-8adb-70745ae24103,Please go and come back,いってらっしゃい,いってらっしゃい,,expression,,2,2022-04-24,11,GENKI3_L00,greeting expression genki3-l00
c2a4dbcf-dba1-5e27-964f-5e2f7b358725,I'm home,ただいま,ただいま,,expression,,,2022-04-24,12,GENKI3_L00,greeting expression genki3-l00
b06abb09-c9bd-5beb-a7b7-d184bedf72ca,Welcome home,お帰り,おかえり,,expression,,2,2022-04-24,13,GENKI3_L00,greeting expression genki3-l00
47b08527-885b-50bb-b538-180dc308199a,Welcome home (polite),お帰りなさい,おかえりなさい,,expression,,,2022-04-24,14,GENKI3_L00,greeting expression genki3-l00
797b03e3-1495-52c0-baf4-ffb9cb324089,Thank you for the meal (before),いただきます,いただきます,,expression,,3,2022-04-24,15,GENKI3_L00,greeting expression genki3-l00
59bad243-8b31-54f3-9d7b-6de0961bc059,Thank you for the meal (after),ごちそうさま,ごちそうさま,,expression,,2,2022-04-24,16,GENKI3_L00,greeting expression genki3-l00
05436324-1858-5a2f-a2a1-a41d00f862cc,"Thank you for the meal (after, polite)",ごちそうさまでした,ごちそうさまでした,,expression,,,2022-04-24,17,GENKI3_L00,greeting expression genki3-l00
136d6d6d-0487-5709-ac27-2c376bfebd43,How do you do?; I am glad to meet you,はじめまして,はじめまして,,expression,,2,2022-04-24,18,GENKI3_L00,greeting expression genki3-l00
ddd5fd1f-f041-576c-a479-d8d9a3221370,Nice to meet you; i'm counting on you,よろしくお願いします,よろしくおねがいします,,expression,,,2022-04-24,19,GENKI3_L00,greeting expression genki3-l00
d43cc787-37af-5dd1-92b5-fc756f18298a,college; university,大学,だいがく,,noun,,5,2022-04-24,20,DUO_02_05 DUO_U08 GENKI3_L01,place school noun duo-02-05 duo-u08 genki3-l01
3c890a54-15f9-56e1-9bd5-3c91274b6246,high school,高校,こうこう,,noun,,4,2022-04-24,21,DUO_02_05 DUO_U08 GENKI3_L01,place school noun duo-02-05 duo-u08 genki3-l01
6de86986-05ed-58da-a055-9d49c89f7a06,student,学生,がくせい,,noun,,5,2022-04-24,22,GENKI3_L01,school noun genki3-l01
d1cb9e5b-6cc5-5339-b33d-4e948229156e,college student; university student,大学生,だいがくせい,,noun,,4,2022-04-24,23,DUO_02_05 DUO_U08 GENKI3_L01,school noun duo-02-05 duo-u08 genki3-l01
efe5fea4-0476-5328-bd18-2a469a8b6c3e,international student; foreign exchange student,留学生,りゅうがくせい,,noun,,5,2022-04-24,24,DUO_02_05 DUO_U08 GENKI3_L01,school noun duo-02-05 duo-u08 genki3-l01
c21b42a5-1ef1-51cf-9402-199d2b562a47,teacher; professor,先生,せんせい,,noun,,5,2022-04-24,25,GENKI3_L01,school noun genki3-l01
057a7cd1-f1a6-50e2-8449-3b6f04c67305,...year student,〜年生,〜ねんせい,,noun,,1,2022-04-24,26,DUO_02_05 DUO_U08 GENKI3_L01,school noun duo-02-05 duo-u08 genki3-l01
e71aac30-c949-5b47-b118-d02a5d703701,major,専攻,せんこう,,noun,,3,2022-04-24,27,GENKI3_L01,school noun genki3-l01
4b1d8b7f-6477-5881-9439-1a7f30b26c9d,I,私,わたし,,noun,,5,2022-04-24,28,DUO_01_02 DUO_U01 GENKI3_L01,person noun duo-01-02 duo-u01 genki3-l01
f65b93fb-1086-5405-8163-394db3e83014,friend,友達,ともだち,,noun,,5,2022-04-24,29,GENKI3_L01,person noun genki3-l01
c26e8356-f73a-5ddf-b045-432580c37468,Mr./Ms.,〜さん,〜さん,,suffix,,1,2022-04-24,30,GENKI3_L01,person suffix genki3-l01
0ef6972f-5e7d-5b51-be7f-8f39a5fd5e0e,...people,〜人,〜じん,,suffix,,1,2022-04-24,31,GENKI3_L01,person suffix genki3-l01
146b7705-d9cd-511f-988c-5b2cc7661b75,of course,もちろん,もちろん,勿論,adverb,,3,2022-04-24,32,DUO_02_03 DUO_U07,adverb duo-02-03 duo-u07
8bedfb60-1599-58b0-9568-5e72b8cf6b7e,office,会社,かいしゃ,,noun,,5,2022-04-24,33,DUO_02_03 DUO_U07,place noun duo-02-03 duo-u07
25f93b07-dc04-553a-8794-329cc907dbe5,school,学校,がっこう,,noun,,5,2022-04-24,34,DUO_02_03 DUO_U07,place school noun duo-02-03 duo-u07
37eba762-70cf-5c5c-b689-621f26c1ee5f,elementary school,小学,しょうがく,,noun,,,2022-04-24,35,DUO_02_05 DUO_U08,place school noun duo-02-05 duo-u08
99cdf9f9-df8c-5d7a-9ea1-a7c003c9f289,middle school,中学,ちゅうがく,,noun,,3,2022-04-24,36,DUO_02_05 DUO_U08,place school noun duo-02-05 duo-u08
947e6f87-e4fe-5b27-9bd3-215e8b1fc71a,foreigner,外国人,がいこくじん,,noun,,5,2022-04-24,37,DUO_02_05 DUO_U08,person noun duo-02-05 duo-u08
dd191fac-e29b-5262-b2a6-f9f2875a4a3f,to live; to reside; to inhabit,住む,すむ,,verb,godan verb,5,2022-04-24,38,DUO_02_05 DUO_U08,verb godan-verb duo-02-05 duo-u08
fc82f2ac-3b17-582f-9259-7200e1430824,Kyoto,京都,きょうと,,proper noun,,,2022-04-24,39,DUO_02_05 DUO_U08 GENKI3_L03,city place proper-noun duo-02-05 duo-u08 genki3-l03
15c5fee6-dda7-5d40-b7fd-382d97a28b9c,Osaka,大阪,おおさか,,proper noun,,,2022-04-24,40,DUO_02_05 DUO_U08,city place proper-noun duo-02-05 duo-u08
39458010-a5eb-5b13-b054-4cc458702c56,Tokyo,東京,とおきょう,,proper noun,,,2022-04-24,41,DUO_02_05 DUO_U08,city place proper-noun duo-02-05 duo-u08
091d6d9c-5d19-51f5-bc28-3b5281042464,to say; to be called; name,申す,もうす,,verb,godan verb,4,2022-04-24,42,DUO_02_05 DUO_U08,verb godan-verb duo-02-05 duo-u08
b7d078d1-235f-4462-b052-453aa5f6dfcf,"to differ, to disagree; to be wrong",違う,ちがう,,verb,godan verb,5,2022-08-10,43,,verb godan-verb
6e44df4a-4366-5c1a-86af-87a4e5f61fc6,That is not right (this is wrong),違います,ちがいます,,expression,,,2022-04-24,44,DUO_02_05 DUO_U08,expression duo-02-05 duo-u08
7748dd60-2126-5e30-a5b6-39596a0e25e4,What is the difference?,違いは何ですか,ちがいはなんですか,,expression,,,2022-04-24,45,DUO_02_05 DUO_U08,expression duo-02-05 duo-u08
dce3fe6a-497c-54b2-a121-df6767084258,Now,今,いま,,noun,,5,2022-04-24,46,DUO_02_02 DUO_U06 GENKI3_L01,time noun duo-02-02 duo-u06 genki3-l01
42ffdbae-c27d-53a4-b113-95583953e16c,A.M.,午前,ごぜん,,noun,,5,2022-04-24,47,DUO_02_03 DUO_U07 GENKI3_L01,time noun duo-02-03 duo-u07 genki3-l01
94611381-0488-58aa-8cf2-12ad9ff4e2dd,P.M.,午後,ごご,,noun,,5,2022-04-24,48,DUO_02_03 DUO_U07 GENKI3_L01,time noun duo-02-03 duo-u07 genki3-l01
40502e18-b4ba-50b4-89b7-23fd3b4d4a21,...o'clock,〜時,〜じ,,suffix,,,2022-04-24,49,DUO_02_02 DUO_U06 GENKI3_L01,time suffix duo-02-02 duo-u06 genki3-l01
5372b023-b803-551c-9a7f-f404804f63f1,half; half-past,半,はん,,noun,,5,2022-04-24,50,DUO_02_02 DUO_U06 GENKI3_L01,time noun duo-02-02 duo-u06 genki3-l01
2cf1d32f-b261-5ba6-829c-a9f1237a88d6,"minute, arcminutes",〜分,〜ふん／〜ぷん,,noun,,1,2022-04-24,51,DUO_02_02 DUO_U06,time noun duo-02-02 duo-u06
db9793c1-8b7c-481c-bc77-6d36eb4afb30,"part, portion, share",分,ぶん,,noun,,3,2022-08-09,52,,noun
a39e794c-9682-5cd5-9c5e-dd961aa92bc5,approximately,〜ごろ,〜ごろ,〜頃,noun,,3,2022-04-24,53,DUO_02_03 DUO_U07,time noun duo-02-03 duo-u07
9e67a677-9058-536e-85d6-389ea5138c86,exactly,ちょうど,ちょうど,丁度,noun,,5,2022-04-24,54,DUO_02_02 DUO_U06,time noun duo-02-02 duo-u06
252852aa-aefd-504b-b671-668a33020492,zero,零,れい,,noun,,5,2022-04-24,55,DUO_02_03 DUO_U07,number time noun duo-02-03 duo-u07
cc6a4913-6f39-521b-a0cf-9631f640800e,Japan,日本,にほん,,proper noun,,3,2022-04-24,56,GENKI3_L01,country place proper-noun genki3-l01
522e0796-297d-5bf2-be85-e93596baa6bf,America,アメリカ,あめりか,,proper noun,,4,2022-04-24,57,GENKI3_L01,country place proper-noun genki3-l01
a420a37b-593e-572e-aae7-d724eca6803d,...language,〜語,〜ご,,noun,,3,2022-04-24,58,GENKI3_L01,noun genki3-l01
c59169cb-e5ad-5311-a9ce-43764a5ddda6,...years old,〜歳,〜さい,,suffix,,,2022-04-24,59,GENKI3_L01,suffix genki3-l01
1731f988-dcfb-5b31-bda9-c8988a5711bf,telephone,電話,でんわ,,noun,,5,2022-04-24,60,DUO_01_04 DUO_U02 GENKI3_L01,noun duo-01-04 duo-u02 genki3-l01
f6524cfb-fa66-56ae-ae4c-0e38a8b6e54c,number (in a series),〜番,〜ばん,,noun,,3,2022-04-24,61,GENKI3_L01,noun genki3-l01
d8f98686-282e-5c5f-88b2-4e046e707e54,number; series of digits,番号,ばんごう,,noun,,5,2022-04-24,62,GENKI3_L01,noun genki3-l01
728f5a87-3848-5450-a941-f9cd0f898067,name,名前,なまえ,,noun,,5,2022-04-24,63,GENKI3_L01,noun genki3-l01
507092ff-6dc3-5749-a9c3-79ba8d2bc360,what,何,なに／なん,,pronoun,,5,2022-04-24,64,GENKI3_L01,pronoun genki3-l01
84e857b9-5605-51fb-bfb3-8cc08eb579d3,um,あのう,あのう,,expression,,5,2022-04-24,65,GENKI3_L01,expression genki3-l01
dde2be42-c934-53fc-9dc6-3ce12b727924,yes,はい,はい,,interjection,,5,2022-04-24,66,GENKI3_L01,interjection genki3-l01
0428342a-6b57-5e6f-b1c6-4aa6ccfdb267,no,いいえ,いいえ,,interjection,,5,2022-04-24,67,GENKI3_L01,interjection genki3-l01
a48cfff2-551b-5525-bf29-f706571e7e15,that is so;  that is right,そうです,そうです,,expression,,,2022-04-24,68,GENKI3_L01,expression genki3-l01
311cf3c0-5798-551b-a933-eb33c4ce7843,i see; is that so?,そうですか,そうですか,,expression,,,2022-04-24,69,GENKI3_L01,expression genki3-l01
40483fe8-7fda-56b7-b28b-eedb9da50a52,England,イギリス,いぎりす,,proper noun,,,2022-04-24,70,GENKI3_L01,country place proper-noun genki3-l01
2a0ff39c-471b-56d1-a2b2-39f20596f70c,Australia,オーストラリア,おおすとらりあ,,proper noun,,,2022-04-24,71,GENKI3_L01,country place proper-noun genki3-l01
5cb08712-5c04-56f0-aaf6-a8e76a1e0ef4,Korea,韓国,かんこく,,proper noun,,,2022-04-24,72,GENKI3_L01,country place proper-noun genki3-l01
b4a146e5-f483-50d5-8b18-ca71fdb3f570,Canada,カナダ,かなだ,,proper noun,,,2022-04-24,73,GENKI3_L01,country place proper-noun genki3-l01
54ca6cf2-c9f0-5a77-b53c-8e4a2fbe76ac,China,中国,ちゅうごく,,proper noun,,,2022-04-24,74,GENKI3_L01,country place proper-noun genki3-l01
f3f3ba33-de3b-5fa1-9b99-eee62ae2e024,India,インド,いんど,,proper noun,,,2022-04-24,75,GENKI3_L01,country place proper-noun genki3-l01
eb20360e-5c1a-58b8-9bf8-040795c5bf0a,Egypt,エジプト,いじぷと,,proper noun,,,2022-04-24,76,GENKI3_L01,country place proper-noun genki3-l01
ae144a7c-293f-5f24-81ee-37d5594d6aed,Philipines,フィリビン,ふぃりぴん,,proper noun,,,2022-04-24,77,GENKI3_L01,country place proper-noun genki3-l01
abd1e50d-f284-5a21-831f-344cb338414e,Asian Studies,アジア研究,あじあけんきゅう,,noun,,,2022-04-24,78,GENKI3_L01,school-major noun genki3-l01
13912d04-d947-5c72-a192-740c19a28c86,economics,経済,けいざい,,noun,,4,2022-04-24,79,GENKI3_L01,school-major noun genki3-l01
7672ef18-d91f-548f-a938-970d6a741586,engineering,工学,こうがく,,noun,,1,2022-04-24,80,GENKI3_L01,school-major noun genki3-l01
471eeab4-7852-53f9-ba6c-342f13746958,international relations,国際関係,こくさいかんけい,,noun,,,2022-04-24,81,GENKI3_L01,school-major noun genki3-l01
9e62feab-62dc-5faf-92d9-8cd423af7dab,computer; computer science,コンピューター,こんぴゅうたあ,,noun,,4,2022-04-24,82,GENKI3_L01,school-major noun genki3-l01
15b8fb86-6025-524c-a968-0d8e442c0d8e,politics; government,政治,せいじ,,noun,,4,2022-04-24,83,GENKI3_L01,school-major noun genki3-l01
ee82d23f-991e-59ba-9646-d407d35b46ae,biology,生物学,せいぶつがく,,noun,,,2022-04-24,84,GENKI3_L01,school-major noun genki3-l01
a74f0164-da3d-59dc-bbd0-39cf065ee813,business,ビジネス,びじねす,,noun,,1,2022-04-24,85,GENKI3_L01,school-major noun genki3-l01
f41b3958-7c0c-5c05-9ea8-d0099b014f0c,literature,文学,ぶんがく,,noun,,4,2022-04-24,86,GENKI3_L01,school-major noun genki3-l01
0d91d253-e394-572c-a6c4-37e20ed0f603,history,歴史,れきし,,noun,,4,2022-04-24,87,GENKI3_L01,school-major noun genki3-l01
a9d318d5-97e8-5990-916c-fd300d951e2c,physics,物理,ぶつり,,noun,,3,2022-04-24,88,GENKI3_L01,school-major noun genki3-l01
45983eaf-745d-5a47-bd34-aa09444736a4,doctor,医者,いしゃ,,noun,,5,2022-04-24,89,GENKI3_L01,occupation noun genki3-l01
b01b2de0-f80a-587a-99bb-8e7e2157feec,office worker,会社員,かいしゃいん,,noun,,,2022-04-24,90,GENKI3_L01,occupation noun genki3-l01
a2bb0866-9ce3-5b9a-bc60-49b48a40e40f,nurse,看護師,かんごし,,noun,,4,2022-04-24,91,GENKI3_L01,occupation noun genki3-l01
c511ec54-4f00-5426-89ef-ee1558ccfb60,high school student,高校生,こうこうせい,,noun,,4,2022-04-24,92,GENKI3_L01,occupation school noun genki3-l01
7d3f6d4b-fd98-5a19-ba56-b7c707092305,housewife,主婦,しゅふ,,noun,,3,2022-04-24,93,GENKI3_L01,occupation noun genki3-l01
98e48ea2-8566-55a1-bfb8-d5aaf1a060d0,graduate student,大学院生,だいがくいんせい,,noun,,,2022-04-24,94,GENKI3_L01,occupation school noun genki3-l01
902b7ccb-091c-502b-a413-5a3a38c655a4,lawyer,弁護士,べんごし,,noun,,,2022-04-24,95,GENKI3_L01,occupation noun genki3-l01
f8d03abe-255a-5717-811a-91f511c39759,mother,お母さん,おかあさん,,noun,,5,2022-04-24,96,GENKI3_L01,family noun genki3-l01
d7a063c8-998c-50a3-825c-86f896a5a0c7,father,お父さん,おとうさん,,noun,,5,2022-04-24,97,DUO_02_07 DUO_U09 GENKI3_L01,family noun duo-02-07 duo-u09 genki3-l01
e09e6607-0754-53e7-ac90-7d5eec6a3442,older sister,お姉さん,おねえさん,,noun,,5,2022-04-24,98,DUO_02_07 DUO_U09 GENKI3_L01,family noun duo-02-07 duo-u09 genki3-l01
942ce296-4fdd-5a7d-9c2c-53d4c2ae2de7,older brother,お兄さん,おにいさん,,noun,,5,2022-04-24,99,DUO_02_07 DUO_U09 GENKI3_L01,family noun duo-02-07 duo-u09 genki3-l01
d4387364-3f1c-51be-9762-ddf41f844fb7,younger sister,妹,いもうと,,noun,,5,2022-04-24,100,DUO_02_07 DUO_U09 GENKI3_L01,family noun duo-02-07 duo-u09 genki3-l01
acc5e753-294b-571f-9ee7-a7cd6eeea235,younger brother,弟,おとうと,,noun,,5,2022-04-24,101,DUO_02_07 DUO_U09 GENKI3_L01,family noun duo-02-07 duo-u09 genki3-l01
dc17e988-29c0-4adf-8ae2-b9c763a53811,sisters,姉妹,しまい,,noun,,3,2022-08-08,102,DUO_02_07 DUO_U09,family noun duo-02-07 duo-u09
39d87517-fc60-4158-83ee-97a62168dfb3,brothers; siblings,兄弟,きょうだい,,noun,,5,2022-08-08,103,DUO_02_07 DUO_U09,family noun duo-02-07 duo-u09
58ecba76-692b-5baf-a096-62bf3e752da2,this one,これ,これ,,pronoun,,5,2022-05-30,104,DUO_02_01 DUO_U06 GENKI3_L02,pointing-word pronoun duo-02-01 duo-u06 genki3-l02
8373ee97-fb02-5fa4-9f3a-e6d0bfe42042,that one,それ,それ,,pronoun,,5,2022-05-30,105,DUO_02_01 DUO_U06 GENKI3_L02,pointing-word pronoun duo-02-01 duo-u06 genki3-l02
e3286acb-a31b-5fb6-9c16-28ac16fcc269,that one over there,あれ,あれ,,pronoun,,5,2022-05-30,106,DUO_02_01 DUO_U06 GENKI3_L02,pointing-word pronoun duo-02-01 duo-u06 genki3-l02
9ef8e062-db86-5059-82be-ccc85580d5e7,which one,どれ,どれ,,pronoun,,5,2022-05-30,107,DUO_02_01 DUO_U06 GENKI3_L02,pointing-word pronoun duo-02-01 duo-u06 genki3-l02
430b4ea9-6092-52c7-b2bf-4300de6196c7,this...,この〜,この,,pronoun,,5,2022-05-30,108,GENKI3_L02,pointing-word pronoun genki3-l02
9d9f54be-2a19-5147-8935-e7c3c887fa03,that...,その〜,その,,pronoun,,5,2022-05-30,109,GENKI3_L02,pointing-word pronoun genki3-l02
908efe1a-b6e9-55d5-b550-461cea175af4,that... over there,あの〜,あの,,pronoun,,5,2022-05-30,110,GENKI3_L02,pointing-word pronoun genki3-l02
a9b7cffc-2d14-58ae-818b-3ac3b6e6e4d0,which....,どの〜,どの,,pronoun,,5,2022-05-30,111,GENKI3_L02,pointing-word pronoun genki3-l02
9c591bfa-c4a7-5263-b2b1-7c8d14e10c34,here,ここ,ここ,,pronoun,,5,2022-05-30,112,GENKI3_L02,pointing-word pronoun genki3-l02
0279527b-c398-5856-aad3-11b834907f56,there,そこ,そこ,,pronoun,,5,2022-05-30,113,GENKI3_L02,pointing-word pronoun genki3-l02
5587745e-e524-5159-8fe6-1e8637b90455,over there,あそこ,あそこ,,pronoun,,5,2022-05-30,114,GENKI3_L02,pointing-word pronoun genki3-l02
1502a2cb-059c-5a9f-baab-af68a0d09ac8,where,どこ,どこ,,pronoun,,5,2022-05-30,115,GENKI3_L02,pointing-word pronoun genki3-l02
93eaf294-a292-5980-b17e-de43755335c9,who,誰,だれ,,pronoun,,5,2022-05-30,116,DUO_02_07 DUO_U09 GENKI3_L02,pointing-word pronoun duo-02-07 duo-u09 genki3-l02
f5fce96d-2982-5d7a-b7ce-9dc8914c6ab3,delicious,おいし,おいし,美味しい,adjective,i adjective,5,2022-05-30,117,GENKI3_L02,food adjective i-adjective genki3-l02
10a5183d-9b5d-58c7-885f-0210e56c1dca,skillful; delicious! (slang),うまい,うまい,上手い,adjective,i adjective,,2022-05-30,118,,food slang adjective i-adjective
432e16e3-a00f-5af7-a67a-e75a5451933e,skillful; proficient; adept,上手,じょうず,,adjective,na adjective,5,2022-09-06,119,LULI_KANJI_L01,adjective na-adjective luli-kanji-l01
70003bab-5f71-537a-a19f-10a36b67cbdc,unskillful; awkward,下手,へた,,adjective,na adjective,5,2022-09-07,120,LULI_KANJI_L01,adjective na-adjective luli-kanji-l01
f7aa023d-a413-562b-bf45-75367462a4b2,fish,魚,さかな,,noun,,5,2022-05-30,121,DUO_02_01 DUO_U06,food noun duo-02-01 duo-u06
81b8f353-cd1c-53e4-a0f4-1630c490c959,pork cutlet,とんかつ,とんかつ,豚カツ,noun,,,2022-05-30,122,GENKI3_L02,food noun genki3-l02
e2c0e2f3-891a-55e3-ad28-285669d27287,pork bone (e.g. ramen broth),豚骨,とんこつ,,noun,,,2022-05-30,123,GENKI3_L02,food noun genki3-l02
2dd4acb2-11ca-50c5-b365-c22616ea316d,meat,肉,肉,,noun,,5,2022-05-30,124,DUO_02_01 DUO_U06 GENKI3_L02,food noun duo-02-01 duo-u06 genki3-l02
3ab19c55-4c6a-53e0-afce-41968363d92a,menu,メニュー,めにゅう,,noun,,2,2022-05-30,125,GENKI3_L02,food noun genki3-l02
496222cc-1cb3-50c8-9e7e-bbc7d327b78c,vegetables,野菜,やさい,,noun,,5,2022-05-30,126,DUO_02_01 DUO_U06 GENKI3_L02,food noun duo-02-01 duo-u06 genki3-l02
4fbc0a01-e32a-5449-8efe-3ae37aee4f2f,rice; meal,ご飯,ごはん,,noun,,5,2022-05-30,127,DUO_02_01 DUO_U06 GENKI3_L04,food noun duo-02-01 duo-u06 genki3-l04
b74ca7fa-4622-5a52-b9df-5260878e687b,bread,パン,ぱん,,noun,,5,2022-05-30,128,DUO_02_01 DUO_U06 GENKI3_L04,food noun duo-02-01 duo-u06 genki3-l04
5e2b2d0d-7461-56e2-a151-9a10375d5615,egg,卵,たまご,,noun,,5,2022-05-30,129,DUO_02_06 DUO_U08,food noun duo-02-06 duo-u08
12c11165-7996-5b13-bf19-c3afc419afb2,apple,りんご,りんご,林檎,noun,,,2022-05-30,130,DUO_02_06 DUO_U08,food noun duo-02-06 duo-u08
7b7d934a-cfd6-4286-9175-dfe7676b4355,pear,なし,なし,梨,noun,,,2022-08-09,131,,food noun
6c124141-b31a-5d91-afcb-6a4bb127f31f,peach,桃,もも,,noun,,,2022-08-29,132,,food noun
1cf2249c-7785-424d-9a67-1c3ff6253938,counter for hito-futa-mi system,〜つ,〜つ,〜箇,counter,,,2022-05-30,133,DUO_02_06 DUO_U08,counter duo-02-06 duo-u08
cab23f18-7b88-4262-956c-d31a0e829cbf,counter for round and clustered items,〜個,〜こ,,counter,,,2022-05-30,134,DUO_02_06 DUO_U08,counter duo-02-06 duo-u08
b1852be8-7a0e-5541-b94d-29be625cb423,umbrella,傘,かさ,,noun,,5,2022-05-30,135,GENKI3_L02,things noun genki3-l02
b5d661b7-f275-5647-a86b-cf4bd963f512,bag,かばん,かばん,鞄,noun,,5,2022-05-30,136,GENKI3_L02,things noun genki3-l02
96fb26f0-20df-51e0-b1c4-793ab736c2d9,shoes,靴,くつ,,noun,,5,2022-05-30,137,GENKI3_L02,things noun genki3-l02
b802b5a4-5804-5f5a-a193-e475bceaf5dd,wallet,財布,さいふ,,noun,,5,2022-05-30,138,GENKI3_L02,things noun genki3-l02
bf5e0762-effe-5d38-8786-503cde98e504,jeans,ジーンズ,ジいんず,,noun,,3,2022-05-30,139,GENKI3_L02,things noun genki3-l02
04bddd51-0749-5efe-9946-6d326f61bcb6,bicycle,自転車,じてんしゃ,,noun,,5,2022-05-30,140,GENKI3_L02,things noun genki3-l02
f8a3e40d-f42e-5ba2-995d-3abc33e63a41,newspaper,新聞,しんぶん,,noun,,5,2022-05-30,141,GENKI3_L02,things noun genki3-l02
e7323b54-9fa5-5cb7-8d68-d2ebe9b379ea,smart phone,スマホ,スマホ,,noun,,,2022-05-30,142,GENKI3_L02,things noun genki3-l02
1a0585e5-3bd0-5903-90cc-d3381778da68,t-shirt,Ｔシャツ,ていいしゃつ,,noun,,,2022-05-30,143,GENKI3_L02,things noun genki3-l02
1c5e45ac-cc4a-5d53-b566-d6d832828ba0,clock,時計,とけい,,noun,,5,2022-05-30,144,GENKI3_L02,things noun genki3-l02
612eac67-3ec3-535e-94a3-249d60f51046,notebook,ノート,のおと,,noun,,5,2022-05-30,145,GENKI3_L02,things noun genki3-l02
442d1c8e-a848-5fa4-8fc9-d398441b4b65,pen,ペン,ぺん,,noun,,5,2022-05-30,146,GENKI3_L02,things noun genki3-l02
5f6cc5c3-6625-5caa-9277-f43493360fc2,hat; cap,帽子,ぼうし,,noun,,5,2022-05-30,147,GENKI3_L02,things noun genki3-l02
6d055f49-622a-5d8a-a7d2-11de3279b9ce,book,本,ほん,,noun,,5,2022-05-30,148,GENKI3_L02,things noun genki3-l02
3a52dad1-de68-523b-b6ad-3148496bcf8e,bank,銀行,ぎんこう,,noun,,5,2022-05-30,149,DUO_01_04 DUO_U02 GENKI3_L02,place noun duo-01-04 duo-u02 genki3-l02
6c108fe0-b52d-56de-96f2-f8e0bf450367,convenience store,コンビニ,こんびに,,noun,,,2022-05-30,150,GENKI3_L02,place noun genki3-l02
14edc8de-8ed3-58f5-a083-13a34db6f490,toilet; restroom,トイレ,トイレ,,noun,,5,2022-05-30,151,GENKI3_L02,place noun genki3-l02
dd52de46-6d78-5bc3-96ab-b25e9be9e291,library,図書館,としょかん,,noun,,5,2022-05-30,152,GENKI3_L02,place noun genki3-l02
89b553be-905d-57aa-946c-86dc9f366aa2,post office,郵便局,ゆうびんきょく,,noun,,5,2022-05-30,153,GENKI3_L02,place noun genki3-l02
f7d4fade-03e1-53e3-94c0-24034e6a9e08,how much,いくら,いくら,幾ら,adverb,,5,2022-05-30,154,GENKI3_L02,money adverb genki3-l02
fbae6594-96c7-53f0-a80b-bd325d5a22ff,...yen,〜円,〜えん,,noun,,3,2022-05-30,155,GENKI3_L02,money noun genki3-l02
dcb08e4f-eb7c-5536-bd57-ee51127a14be,expensive; high,高い,たかい,,adjective,i adjective,5,2022-05-30,156,GENKI3_L02,money adjective i-adjective genki3-l02
1cee44df-fc33-5279-8d09-5051e714782f,welcome,いらっしゃいませ,いらっしゃいませ,,expression,,,2022-05-30,157,GENKI3_L02,expression genki3-l02
845d24c6-6c7c-50f4-8dd7-450485839fa5,...please,〜お願いします,〜おねがいします,,expression,,2,2022-05-30,158,GENKI3_L02,expression genki3-l02
fc6be215-8cf3-55b8-8a6b-0dd345852963,please give me...,〜ください,〜ください,〜下さい,expression,,5,2022-05-30,159,DUO_02_01 DUO_U06 GENKI3_L02,expression duo-02-01 duo-u06 genki3-l02
3bb29baa-6e40-5c58-93cd-2000ea1120eb,then...; if that is the case...,じゃあ,じゃあ,,expression,,5,2022-05-30,160,GENKI3_L02,expression genki3-l02
8dc54b41-91cb-5289-bb0b-5f4a5854fea7,here it is; please go ahead; i beg of you,どうぞ,どうぞ,,expression,,5,2022-05-30,161,GENKI3_L02,expression genki3-l02
5891a34d-ba0a-5458-b42e-f82c60d27f9f,thanks (casual),どうも,どうも,,expression,,5,2022-05-30,162,GENKI3_L02,expression genki3-l02
48b8587c-d363-5b54-94d9-c9e5dfff2412,zero; 0,ゼロ,ゼロ,,noun,,,2022-05-30,163,GENKI3_L02,number noun genki3-l02
c007b505-323f-5517-8353-ed093d1571de,one,一,いち,,noun,,5,2022-05-30,164,GENKI3_L02,number noun genki3-l02
8873834d-7358-505d-a93b-7782dbd00024,two,二,に,,noun,,5,2022-05-30,165,GENKI3_L02,number noun genki3-l02
0f9e7c25-4cfa-5186-a893-0f59b7e34745,three,三,さん,,noun,,5,2022-05-30,166,GENKI3_L02,number noun genki3-l02
59d58d35-f0f2-5535-8404-8cb786e2c830,four,四,よん／し,,noun,,5,2022-05-30,167,GENKI3_L02,number noun genki3-l02
82339058-2123-58a8-93dc-b1c0b05cdae8,five,五,ご,,noun,,5,2022-05-30,168,GENKI3_L02,number noun genki3-l02
e469a7d8-cfad-5a85-ba5c-cb1d0c8ca1b0,six,六,六,,noun,,5,2022-05-30,169,GENKI3_L02,number noun genki3-l02
49ab0509-4a86-552d-975b-fc49e74790d4,seven,七,なな／しち,,noun,,5,2022-05-30,170,GENKI3_L02,number noun genki3-l02
6d9b3812-644e-5890-94cc-09a2fd01a30a,eight,八,はち,,noun,,5,2022-05-30,171,GENKI3_L02,number noun genki3-l02
aaf16bcd-1ecc-5f72-97a6-497825719aba,nine,九,きゅう,,noun,,5,2022-05-30,172,GENKI3_L02,number noun genki3-l02
e05ed6a4-edcb-5052-9760-1e10c70c2236,ten,十,じゅう,,noun,,5,2022-05-30,173,GENKI3_L02,number noun genki3-l02
0f06fb63-c508-57a2-8983-2cb9f5dfd2e7,hundred,百,ひゃく,,noun,,5,2022-07-24,174,GENKI3_L03,number noun genki3-l03
662aaf34-2fd3-5ab7-ad40-ee6e4862fc2c,thousand,千,せん,,noun,,5,2022-07-24,175,GENKI3_L03,number noun genki3-l03
06eedaf7-2c40-54e4-a1ea-669b265fda8d,ten-thousand,万,まん,,noun,,5,2022-07-24,176,GENKI3_L03,number noun genki3-l03
b82fa253-fbb7-559c-b127-77d2262df800,movie,映画,えいが,,noun,,5,2022-07-24,177,GENKI3_L03,entertainment noun genki3-l03
aa05a718-c2a5-5083-9c3d-b0e4d1bd09a8,music,音楽,おんがく,,noun,,5,2022-07-24,178,GENKI3_L03,entertainment noun genki3-l03
3bef2c81-886b-5bbd-9f1b-dfc94288bea2,magazine,雑誌,ざっし,,noun,,5,2022-07-24,179,GENKI3_L03,entertainment noun genki3-l03
bbf5a302-a23c-5142-b721-2aa90ff1e8dc,sports,スポーツ,すぽおつ,,noun,,5,2022-07-24,180,GENKI3_L03,entertainment noun genki3-l03
738002f3-36da-5668-8a8b-46415de8cd52,date (romantic),デート,でえと,,noun,,3,2022-07-24,181,GENKI3_L03,entertainment noun genki3-l03
8f790b97-9843-5efe-b338-e1c37618c616,tennis,テニス,てにす,,noun,,4,2022-07-24,182,GENKI3_L03,entertainment noun genki3-l03
5ca8a07b-ac34-5789-ab4a-8bd29d51929c,TV,テレビ,てれび,,noun,,5,2022-07-24,183,GENKI3_L03,entertainment noun genki3-l03
b3e732b3-61c4-574d-8901-b1c74076b5ea,ice cream,アイスクリーム,あいすくりいむ,,noun,,3,2022-07-24,184,GENKI3_L03,food noun genki3-l03
720a22a5-3132-56e6-8380-03a20e2a4af1,hamburger,ハンバーガー,はんばあがあ,,noun,,,2022-07-24,185,GENKI3_L03,food noun genki3-l03
dbf81e7a-c846-5129-b017-a31ad90eb752,sake; alcohol,お酒,おさけ,,noun,,5,2022-07-24,186,DUO_01_02 DUO_U01 GENKI3_L03,food noun duo-01-02 duo-u01 genki3-l03
4b6153f0-1c2e-5330-94dc-e71afa17d386,green tea,お茶,おちゃ,,noun,,5,2022-07-24,187,DUO_01_04 DUO_U02 GENKI3_L03,food noun duo-01-04 duo-u02 genki3-l03
c675acf7-4ab1-5a0a-beb3-e65aff83932a,coffee,コーヒー,こおひい,,noun,,5,2022-07-24,188,GENKI3_L03,food noun genki3-l03
ff69f94e-49fa-5015-a8e8-6bdab429f087,water,水,みず,,noun,,5,2022-07-24,189,GENKI3_L03,food noun genki3-l03
455c3d21-e4c5-5cae-a4b1-2f4a0b988e50,breakfast,朝ご飯,あさごはん,,noun,,5,2022-07-24,190,GENKI3_L03,food noun genki3-l03
43903683-a322-530c-88e1-a1c406296be6,lunch,昼ご飯,ひるごはん,,noun,,5,2022-07-24,191,GENKI3_L03,food noun genki3-l03
4e1fc6f4-772d-5a1f-8391-5453bcbf4817,dinner,晩御飯,ばんごはん,,noun,,5,2022-07-24,192,GENKI3_L03,food noun genki3-l03
e6aa13b6-6f6a-57db-8433-701ba55fa918,home; house,家,いえ,,noun,,5,2022-07-24,193,DUO_02_04 DUO_U07 GENKI3_L03,place noun duo-02-04 duo-u07 genki3-l03
522046f3-2cfa-565e-a8d5-15f048b49776,my place,うち,うち,,noun,,,2022-07-24,194,GENKI3_L03,place noun genki3-l03
c5ebd7d9-06b2-596e-96f5-7366810ea78c,cafe,カフェ,かふぇ,,noun,,,2022-07-24,195,GENKI3_L03,place noun genki3-l03
31496757-bfb5-571a-af27-27f055912c92,"datyime; noon, middday",昼,ひる,,noun,,5,2022-08-12,196,DUO_01_03 DUO_U02,time noun duo-01-03 duo-u02
fa96658e-3cc1-5c40-8c89-f68088f73e5d,evening,晩,ばん,,noun,,5,2022-08-28,197,,time noun
c0e2e0ee-6d57-53c2-a654-7d23db9d1709,night,夜,よる,,noun,,5,2022-08-12,198,DUO_01_02 DUO_U01,time noun duo-01-02 duo-u01
3972d239-6e9a-5163-bf43-c4a2b81783db,tomorrow,明日,あした,,noun,,5,2022-07-24,199,GENKI3_L03,time noun genki3-l03
a4dbf3ac-a372-58a7-b9ac-a7f018ba587c,today,今日,きょう,,noun,,5,2022-07-24,200,GENKI3_L03,time noun genki3-l03
b415c8ff-d8fb-5e40-9a89-ed5fa1997831,morning,朝,あさ,,noun,,5,2022-07-24,201,GENKI3_L03,time noun genki3-l03
e872c853-3159-56b7-834e-066e364a5782,this evening; tonight,今晩,こんばん,,noun,,5,2022-07-24,202,GENKI3_L03,time noun genki3-l03
7ec8469c-ee0f-5a33-9f9f-e025e6cffdd0,every day,毎日,まいにち,,noun,,5,2022-07-24,203,GENKI3_L03,time noun genki3-l03
1efcd811-18f8-5b64-be29-9f46fbef3286,every morning,毎朝,まいあさ,,noun,,5,2022-07-24,204,DUO_02_03 DUO_U07,time noun duo-02-03 duo-u07
9e1ccd85-e76b-559b-9c13-ac2202a04849,every night,毎晩,まいばん,,noun,,5,2022-07-24,205,GENKI3_L03,time noun genki3-l03
788e64aa-46ee-574d-aad9-83c8b56bc40a,weekend,週末,しゅうまつ,,noun,,,2022-07-24,206,GENKI3_L03,time noun genki3-l03
f7d20fe3-57b3-5e6d-85f6-5b54b0ba7088,Saturday,土曜日,どようび,,noun,,5,2022-07-24,207,GENKI3_L03,time noun genki3-l03
61637bb4-cc4a-52be-86fa-7fb678ab6e62,Sunday,日曜日,にちようび,,noun,,5,2022-07-24,208,GENKI3_L03,time noun genki3-l03
f05e2adf-83c4-5ccf-a74a-fbd5664dceb1,when,いつ,いつ,,noun,,5,2022-07-24,209,GENKI3_L03,time noun genki3-l03
50cbf96a-57d3-5f45-b5fc-e415ff57717a,to go,行く,いく,,verb,godan verb,5,2022-07-24,210,DUO_02_03 DUO_U07 GENKI3_L03,verb godan-verb duo-02-03 duo-u07 genki3-l03
243bdf44-b101-5d5d-bc51-a4f5c1c03bc3,to go back; to return,帰る,かえる,,verb,godan verb,5,2022-07-24,211,GENKI3_L03,verb godan-verb genki3-l03
27c14160-d0d6-51f8-b7b1-9172cf8b84d2,to listen; to hear; to ask,聞く,きく,,verb,godan verb,5,2022-07-24,212,GENKI3_L03,verb godan-verb genki3-l03
b8a9c502-6f50-5d50-96f1-417feef69161,to drink; to swallow,飲む,のむ,,verb,godan verb,5,2022-07-24,213,DUO_02_03 DUO_U07 GENKI3_L03,verb godan-verb duo-02-03 duo-u07 genki3-l03
87e72b5b-0332-5b61-b21c-ea8cc6a05c1f,to speak; to talk,話す,はなす,,verb,godan verb,5,2022-07-24,214,GENKI3_L03,verb godan-verb genki3-l03
615aadf7-6900-5c48-814a-d6cc0884ae86,to read,読む,よむ,,verb,godan verb,5,2022-07-24,215,DUO_01_02 DUO_U01 GENKI3_L03,verb godan-verb duo-01-02 duo-u01 genki3-l03
184de362-74cc-5125-a9b9-8658bb577f7d,to wear,着る,きる,,verb,ichidan verb,5,2022-08-12,216,DUO_01_02 DUO_U01,verb ichidan-verb duo-01-02 duo-u01
bd0e8ffa-f7cd-5b27-8481-6ecb87512f6c,to get up,起きる,おきる,,verb,ichidan verb,5,2022-07-24,217,DUO_02_03 DUO_U07 GENKI3_L03,verb ichidan-verb duo-02-03 duo-u07 genki3-l03
28166f6b-3aba-5230-9bd4-18e1a467bc3f,to eat,食べる,たべる,,verb,ichidan verb,5,2022-07-24,218,DUO_02_03 DUO_U07 GENKI3_L03,verb ichidan-verb duo-02-03 duo-u07 genki3-l03
45b4593b-f7a0-516e-84c4-68c7a7099243,to sleep; to go to sleep,寝る,ねる,,verb,ichidan verb,5,2022-07-24,219,DUO_02_03 DUO_U07 GENKI3_L03,verb ichidan-verb duo-02-03 duo-u07 genki3-l03
66e4cf05-72cd-512b-a462-05f4e69906b5,to see; to look at; to watch,見る,みる,,verb,ichidan verb,5,2022-07-24,220,GENKI3_L03,verb ichidan-verb genki3-l03
10567940-e3bb-5257-b33c-ae9976bfaddd,to come,来る,くる,,verb,irregular verb,5,2022-07-24,221,GENKI3_L03,verb irregular-verb genki3-l03
5800b221-4eb5-5331-8c6c-413e2d08c007,to do,する,する,,verb,irregular verb,5,2022-07-24,222,GENKI3_L03,verb irregular-verb genki3-l03
9e9dc42e-df1e-5ace-948a-9dce72caaceb,to study,勉強する,べんきょうする,,verb,irregular verb,5,2022-07-24,223,GENKI3_L03,verb irregular-verb genki3-l03
6e231f76-5724-5b3c-acfc-cdee6e2eb3a6,yes; umm,ええ,ええ,,expression,,5,2022-07-24,224,GENKI3_L03,expression genki3-l03
349836a3-2523-5f85-a7c1-f85e49c73f27,good,いい,いい,,adjective,i adjective,5,2022-07-24,225,GENKI3_L03,adjective i-adjective genki3-l03
fc5427a3-a54b-5c04-8b36-a570b8e7a72b,early,早い,はやい,,adjective,i adjective,5,2022-07-24,226,GENKI3_L03,adjective i-adjective genki3-l03
311f8bec-e54c-5317-8880-dfd3e39d23a7,not much,あまり,あまり,,adverb,,5,2022-07-24,227,GENKI3_L03,adverb genki3-l03
1e68ea18-9d69-5761-a463-510eab20d1d3,not at all,全然,ぜんぜん,,adverb,,3,2022-07-24,228,GENKI3_L03,adverb genki3-l03
818210e0-641a-56f3-9241-7d24504480e2,usually,たいてい,たいてい,大抵,adverb,,4,2022-07-24,229,GENKI3_L03,adverb genki3-l03
b8b492d0-5612-5ac1-bb4d-15f03e959c89,a little,ちょっと,ちょっと,一寸,adverb,,5,2022-07-24,230,GENKI3_L03,adverb genki3-l03
02115b33-cd19-587a-a3f2-446dea254e33,sometimes,時々,ときどき,,adverb,,5,2022-07-24,231,GENKI3_L03,adverb genki3-l03
d7dc5e63-a1ca-58e6-9c31-047e23342953,often; much,よく,よく,良く,adverb,,,2022-07-24,232,GENKI3_L03,adverb genki3-l03
31df08c1-4538-5a5f-aa61-af9e88805bd5,that's so; isn't it?,そうですね,そうですね,,expression,,,2022-07-24,233,GENKI3_L03,expression genki3-l03
7d85fe8c-2226-573f-a219-0f2def303b50,but,でも,でも,,conjunction,,5,2022-07-24,234,GENKI3_L03,conjunction genki3-l03
4fe504e0-3bf5-5480-98e6-5e626dddc417,"How about...?, How is...?",どうですか,どうですか,,expression,,,2022-07-24,235,GENKI3_L03,expression genki3-l03
50ec881b-73e0-502b-8316-3d67e8dababb,everyone; everybody,みんな,みんな,皆,noun,,5,2022-07-24,236,,noun
f5f775ad-523f-5888-b269-fcb13c1c1051,i'm okay; no problem,大丈夫,だいじょうぶ,,expression,,5,2022-07-24,237,GENKI3_L05,expression genki3-l05
6ae314ed-22ae-5a5f-8e43-c5165e6eb3a1,I'm okay; no thank you; it's all right,大丈夫です,だいじょうぶです,,expression,,,2022-07-24,238,,expression
8640d0ab-1efc-5b18-a49c-564f8e53d65c,little quantity; few,少し,すこし,,adverb,,5,2022-07-24,239,,adverb
ecb81156-ea05-44c8-bea0-9e5c199c1c4b,"again, once more; also, too, as well",また,また,又,adverb,,5,2022-08-08,240,,adverb
820e130a-a772-413e-a754-d1a0021bbcf5,bye; see you again later,またね,またね,,interjection,,,2022-08-08,241,,interjection
82223749-3af6-4348-b0f0-a0addad0ddf2,bye; see you,じゃね,じゃあね／じゃね,,interjection,,,2022-08-08,242,,interjection
f64a8d64-a48c-5f1e-b7f0-e9e805646472,"congratulations, well done, best wishes",おめでとう,おめでとう,,interjection,,3,2022-08-08,243,,interjection
a8f00f2e-c5dc-58d6-8225-376fbd35544f,to persist; to do one's best; to keep at it,頑張る,がんばる,,verb,godan verb,,2022-08-12,244,,verb godan-verb
dbecb5a9-82dd-5c17-ba84-c7887cf58ce8,like,好き,すき,,adjective,na adjective,5,2022-08-12,245,DUO_01_02 DUO_U01,adjective na-adjective duo-01-02 duo-u01
9723a3d5-9c7a-5674-a377-5d5c1220438d,thump-thump; to beat fast,ドキドキ,どきどき,,adverb,,2,2022-08-12,246,,adverb
114b67a6-53f1-58a1-bacd-29661af2a808,spring,春,はる,,noun,,5,2022-08-12,247,,season noun
cd1adf28-7497-5c5f-ab0f-ecfaedc6e345,summer,夏,なつ,,noun,,5,2022-08-12,248,DUO_01_02 DUO_U01,season noun duo-01-02 duo-u01
580fd4b9-e1ae-5e7b-a257-25f2fa55a899,fall,秋,あき,,noun,,5,2022-08-12,249,,season noun
f9e87b50-2575-5141-98c9-1d6f96fa0ade,winter,冬,ふゆ,,noun,,5,2022-08-12,250,DUO_01_02 DUO_U01,season noun duo-01-02 duo-u01
300c2bc3-fa11-54b9-a12f-1f663986f8ce,white,白,しろ,,noun,,5,2022-08-12,251,DUO_01_01 DUO_U01,color noun duo-01-01 duo-u01
48b7e73f-4a0c-56bb-8cd6-bf2ed57ed92c,black,黒,くろ,,noun,,5,2022-08-12,252,,color noun
e65aae18-dc90-5f41-aa96-e40680a12452,red,赤,あか,,noun,,5,2022-08-12,253,DUO_01_01 DUO_U01,color noun duo-01-01 duo-u01
12290cb0-5c39-5b53-8353-e0404724200b,blue,青,あお,,noun,,5,2022-08-12,254,DUO_01_01 DUO_U01,color noun duo-01-01 duo-u01
b5431148-e71a-55b1-a42f-cbf2f029c146,yellow,黄色,きいろ,,noun,,5,2022-08-12,255,,color noun
fd431252-3f59-5b66-b3b2-f078528bbf06,orange,オレンジ,おれんじ,,noun,,1,2022-08-12,256,,color noun
dee5b761-7b7a-5723-8e66-8fe9e0b2c2ea,green,緑,みどり,,noun,,5,2022-08-12,257,,color noun
03137815-af09-4ff0-84a7-622d92cf600c,kitchen,台所,だいどころ,,noun,,5,2022-05-30,258,DUO_02_04 DUO_U07,home noun duo-02-04 duo-u07
f6d9d4a3-811d-4ab1-80e1-8f979c4b483c,room,部屋,へや,,noun,,5,2022-05-30,259,DUO_02_04 DUO_U07 GENKI3_L05,home noun duo-02-04 duo-u07 genki3-l05
f31e6384-d4e9-4a67-b12e-e08cddfdba29,bath(tub),風呂,ふろ,,noun,,5,2022-05-30,260,DUO_02_04 DUO_U07,home noun duo-02-04 duo-u07
0079d5eb-c8e1-4f3b-9105-51054a2c0b8a,bedroom,寝室,しんしつ,,noun,,,2022-05-30,261,DUO_02_04 DUO_U07,home noun duo-02-04 duo-u07
b04ef471-2292-4ca7-a470-4829fb116b8a,window,窓,まど,,noun,,5,2022-05-30,262,DUO_02_04 DUO_U07,home noun duo-02-04 duo-u07
c08c0aff-7835-4c0a-a560-cd8e627c3a90,yard; garden,庭,にわ,,noun,,5,2022-05-30,263,DUO_02_04 DUO_U07,home noun duo-02-04 duo-u07
9e935991-a6f7-4383-b8a0-9376d7af8298,chair,椅子,いす,,noun,,5,2022-05-30,264,DUO_02_04 DUO_U07 GENKI3_L04,home noun duo-02-04 duo-u07 genki3-l04
2f7263b8-e1dd-4c09-94d0-7ad22fe82a5b,sofa,ソファー,そふぁあ,,noun,,3,2022-05-30,265,DUO_02_04 DUO_U07,home noun duo-02-04 duo-u07
068b1a67-d6a5-4790-a264-febfbccc06c2,desk,机,つくえ,,noun,,5,2022-05-30,266,DUO_02_04 DUO_U07 GENKI3_L04,home noun duo-02-04 duo-u07 genki3-l04
7361012a-f230-444c-babe-48449c5bc79d,pet,ペット,ペット,,noun,,5,2022-05-30,267,DUO_02_04 DUO_U07,animal noun duo-02-04 duo-u07
f9f3b546-f023-4b35-9db2-068f8143c41e,dog,犬,いぬ,,noun,,5,2022-05-30,268,DUO_02_04 DUO_U07 GENKI3_L04,animal noun duo-02-04 duo-u07 genki3-l04
5399ca2c-f192-40b6-9b69-28dc1de577c8,cat,猫,ねこ,,noun,,5,2022-05-30,269,DUO_02_04 DUO_U07 GENKI3_L04,animal noun duo-02-04 duo-u07 genki3-l04
f5b2d28f-d519-4138-a9d0-5c99b82d09af,bird,鳥,とり,,noun,,5,2022-05-30,270,DUO_02_04 DUO_U07,animal noun duo-02-04 duo-u07
9704386f-fba7-4008-b079-fc541fb9c0dc,puppy,子犬,こいぬ,,noun,,,2022-05-30,271,DUO_02_04 DUO_U07,animal noun duo-02-04 duo-u07
63a5b1e8-d69e-4f78-9fa1-f6ed248b872b,kitten,子猫,こねこ,,noun,,,2022-05-30,272,DUO_02_04 DUO_U07,animal noun duo-02-04 duo-u07
2541eb3b-87ad-5c3c-8450-a62f59071835,rabbit,うさぎ,うさぎ,兎,noun,,3,2022-08-12,273,,animal noun
5c312431-d91a-5f48-8325-6af1228e5478,fox,狐,きつね,,noun,,,2022-09-02,274,,animal noun
3ab6c13d-cea6-51c9-8cc8-727dfb4074c0,racoon dog,狸,たぬき,,noun,,,2022-09-02,275,,animal noun
93849573-7b32-4df3-a3b9-a15fb7555627,"counter for birds, rabbits, etc",〜羽,〜わ,,counter,,3,2022-05-30,276,DUO_02_04 DUO_U07,animal counter duo-02-04 duo-u07
6432ab47-a4a0-487f-89ad-b37fce084c74,"she, her",彼女,かのじょ,,pronoun,,4,2022-08-08,277,DUO_02_07 DUO_U09,pronoun duo-02-07 duo-u09
794880bc-1fa2-4fb8-9fa0-bd04c175bbee,"him, he",彼,かれ,,pronoun,,4,2022-08-08,278,DUO_02_07 DUO_U09,pronoun duo-02-07 duo-u09
46260a68-5466-4f70-9b0b-968d8143848f,"they, them",彼ら,かれら,,pronoun,,3,2022-08-08,279,DUO_02_07 DUO_U09,pronoun duo-02-07 duo-u09
7592b181-b6f1-41f0-b618-4ae67ab38b21,"...plural (person, animal)",〜たち,〜たち,〜達,suffix,,,2022-08-08,280,DUO_02_07 DUO_U09,suffix duo-02-07 duo-u09
bd6d533d-c173-49c5-95c7-85fe90dd38a6,"I (male, casual)",僕,ぼく,,pronoun,,4,2022-08-08,281,DUO_02_07 DUO_U09,pronoun duo-02-07 duo-u09
f6c1721c-c476-5815-8e77-f666aab0b5d7,"I (femaie, casual)",あたし,あたし,,pronoun,,1,2022-09-07,282,GENKI3_L05,pronoun genki3-l05
e2a94266-387e-5b7d-8fb2-fe52967f09a8,we (male casual),僕ら,ぼくら,,pronoun,,,2022-09-17,283,,pronoun
d76d62e1-99d0-5dc4-b8c5-4060a40be4e4,we (casual),私たち,わたしたち,,pronoun,,,2022-09-17,284,,pronoun
cb3a6f64-b0e8-5736-aae1-9088a0af6eb1,"we (formal, written)",我々,われわれ,,pronoun,,3,2022-09-17,285,,pronoun
2037e05e-e3cc-56d5-b966-458046cfb035,mountain,山,やま,,noun,,5,2022-08-12,286,LULI_KANJI_L01,noun luli-kanji-l01
963e3282-5c51-588f-9dac-d5226e182f10,river,川,かわ,,noun,,5,2022-08-12,287,LULI_KANJI_L01,noun luli-kanji-l01
2e1d445c-bc7c-558d-9eb4-c97cdb6f5898,flame (blaze); flame (of passion),炎,ほのお／ほむら,,noun,,3,2022-08-12,288,,noun
047bba20-3388-59ec-b67c-97aeb0d3c257,fire,火,ひ,,noun,,3,2022-08-12,289,LULI_KANJI_L01,noun luli-kanji-l01
9a991eae-f1be-5494-a018-23249ea18b15,man; male,男,おとこ,,noun,,,2022-08-12,290,LULI_KANJI_L01,noun luli-kanji-l01
d74412ce-8367-5c45-919d-4d992829de66,woman; female,女,おんあ,,noun,,,2022-08-12,291,LULI_KANJI_L01,noun luli-kanji-l01
865bd41e-4912-5b3b-97e2-d7bb548ebc54,child; kid,〜子,〜こ,,suffix,,4,2022-08-15,292,LULI_KANJI_L01,suffix luli-kanji-l01
6e4a003e-4cc6-5fb4-bd16-99b201631b2b,"confections, sweets, candy, cake",お菓子,おかし,,noun,,5,2022-08-15,293,,noun
6437fff2-42a0-5909-9bf4-68dd05303d0f,(hard) candy,飴,あめ,,noun,,5,2022-08-15,294,,noun
38a615c6-b9b1-5a56-8df9-f32d3423f0e2,rain,雨,あめ,,noun,,5,2022-08-15,295,LULI_KANJI_L01,weather noun luli-kanji-l01
a29a3d3c-77a8-51db-98a4-020a58c0c9fa,sky (physical),空,そら,,noun,,5,2022-08-15,296,LULI_KANJI_L01,weather noun luli-kanji-l01
ccb7a98d-7140-5e41-ac65-a7116f9f96f3,heavans; sky (spiritual),天,てん,,noun,,5,2022-08-15,297,LULI_KANJI_L01,weather noun luli-kanji-l01
356c71d3-c158-58cf-a42d-7efab762472b,soil; earth,土,つち,,noun,,3,2022-08-15,298,LULI_KANJI_L01,noun luli-kanji-l01
b05a993b-f894-5720-a08d-031191ad57e5,ground; land; territory,地,ち,,noun,,3,2022-08-15,299,LULI_KANJI_L02,noun luli-kanji-l02
11d88f21-b92c-524a-a750-e3b3eb5db233,north,北,きた,,noun,,5,2022-08-15,300,LULI_KANJI_L01,compass-direction noun luli-kanji-l01
787954e6-c587-5148-afa9-69de0df5a195,south,南,みなみ,,noun,,5,2022-08-15,301,LULI_KANJI_L01,compass-direction noun luli-kanji-l01
72e6a9e9-44f5-516c-9543-5c0754218c8e,east,東,ひがし,,noun,,5,2022-08-15,302,LULI_KANJI_L01,compass-direction noun luli-kanji-l01
f01992dc-39c8-5478-97f3-80052a1215f8,west,西,にし,,noun,,5,2022-08-15,303,LULI_KANJI_L01,compass-direction noun luli-kanji-l01
fbd9dcaa-2454-526e-b8a1-4b4e68fed07a,tree; shrub; bush,木,き,,noun,,5,2022-08-15,304,LULI_KANJI_L01,noun luli-kanji-l01
5fbad03e-b5f7-51ea-998a-d8e68b87a332,rice field,田,た,,noun,,3,2022-08-15,305,LULI_KANJI_L01,noun luli-kanji-l01
4769746e-d143-5e87-bfe8-841622ac2659,cherry tree; cherry blossom,桜,さくら,,noun,,3,2022-08-31,306,,noun
39007001-a5bd-5f32-b00a-41b88d6dcb04,want,欲しい,ほしい,,adjective,i adjective,5,2022-08-12,307,DUO_01_02 DUO_U01,adjective i-adjective duo-01-02 duo-u01
d296367e-4c7b-5675-9477-ef164a14186d,sweet,甘い,あまい,,adjective,i adjective,5,2022-08-12,308,DUO_01_02 DUO_U01,food adjective i-adjective duo-01-02 duo-u01
a135ce08-66bb-5864-803a-134a43cd833b,dirty,汚い,きたない,,adjective,i adjective,5,2022-08-12,309,DUO_01_02 DUO_U01,adjective i-adjective duo-01-02 duo-u01
b0b557a1-615d-53a4-acdc-768151964aa5,sushi,寿司,すし,,noun,,,2022-08-12,310,DUO_01_02 DUO_U01,food noun duo-01-02 duo-u01
b39de966-5af7-5bec-a79b-2c72f8c7e4f9,sashimi,刺身,さしみ,,noun,,2,2022-08-12,311,,food noun
aea7b65d-8e51-5d8b-97f3-72b3c010afcb,wasabi,わさび,わさび,山葵,noun,,,2022-08-12,312,,food noun
413b74af-f988-52c9-ad64-165507510443,tuna; bluefin,マグロ,まぐろ,,noun,,,2022-08-12,313,,food noun
70d02a0a-cd4d-5e2c-bb76-a042c9211b78,eel,うなぎ,うなぎ,鰻,noun,,,2022-08-12,314,,animal food noun
fcb92bf6-7f59-59fd-863a-7aa2762f640d,ear,耳,みみ,,noun,,5,2022-08-12,315,DUO_01_03 DUO_U02 LULI_KANJI_L01,body noun duo-01-03 duo-u02 luli-kanji-l01
08a92e33-466f-588d-b364-19981156b72f,eye,目,め,,noun,,5,2022-08-12,316,DUO_01_03 DUO_U02 LULI_KANJI_L01,body noun duo-01-03 duo-u02 luli-kanji-l01
78b70b1a-bd80-521c-94a9-0dec45988921,mouth,口,くち,,noun,,5,2022-08-17,317,LULI_KANJI_L01,body noun luli-kanji-l01
a3d9c5ec-a34a-5a91-b166-7291979bef67,hand; arm,手,て,,noun,,5,2022-08-15,318,LULI_KANJI_L01,body noun luli-kanji-l01
b5407428-ff7a-5715-8283-de41ff4e555c,foot,足,あし,,noun,,5,2022-08-15,319,LULI_KANJI_L01,body noun luli-kanji-l01
12773416-725b-57f8-b7cc-856c607390db,back,背中,せなか,,noun,,4,2022-08-12,320,DUO_01_03 DUO_U02,body noun duo-01-03 duo-u02
83e6b487-2d55-5480-a55b-2a808a40a3f1,cloudy,曇り,くもり,,noun,,5,2022-08-12,321,DUO_01_03 DUO_U02,weather noun duo-01-03 duo-u02
a2edc793-e468-5c89-8566-efd896ac302c,sunny,晴れ,はれ,,noun,,5,2022-08-12,322,DUO_01_03 DUO_U02,weather noun duo-01-03 duo-u02
05f754d9-f497-54db-9340-cea898b0ff28,outside,外,そと,,noun,,5,2022-08-12,323,DUO_01_03 DUO_U02,noun duo-01-03 duo-u02
3cae06c0-447c-5b59-b04b-4c5036c5ce20,fermented soybeans,納豆,なっとう,,noun,,,2022-08-12,324,DUO_01_04 DUO_U02,food noun duo-01-04 duo-u02
1a0c8160-c588-508a-bcbc-c3bf3bdbb0fe,wind; breeze; draft,風,かぜ,,noun,,5,2022-08-12,325,DUO_01_04 DUO_U02,noun duo-01-04 duo-u02
86e894b7-ebf2-5e8e-991e-54ebd19f764d,map,地図,ちず,,noun,,5,2022-08-12,326,DUO_01_04 DUO_U02,noun duo-01-04 duo-u02
7f320ae8-3952-5727-a45e-4c5535a79533,fruit,果物,くだもの,,noun,,5,2022-08-12,327,DUO_01_04 DUO_U02 GENKI3_L05,food noun duo-01-04 duo-u02 genki3-l05
efc7ae30-059c-5579-9e95-1e53594af9ed,ticket,切符,きっぷ,,noun,,5,2022-08-12,328,DUO_01_04 DUO_U02,noun duo-01-04 duo-u02
038bec1a-765f-42b2-905d-28004fd829a3,game,ゲーム,げえむ,,noun,,3,2022-08-10,329,GENKI3_L04,activity noun genki3-l04
303cf994-1062-45cd-9c22-738f09ffee51,part-time job,アルバイト,あればいと,,noun,,4,2022-08-10,330,GENKI3_L04,activity noun genki3-l04
8509b44f-d5d4-437f-a845-aae915c292dc,part-time job (colloquial),バイト,ばいと,,noun,,,2022-08-10,331,GENKI3_L04,activity noun genki3-l04
a024bfb6-a9ef-4690-904a-d8fa02367ed3,shopping,買い物,かいもの,,noun,,5,2022-08-10,332,GENKI3_L04,activity noun genki3-l04
c52c9908-d959-404c-a8f8-161c2663e84e,class,クラス,くらす,,noun,,5,2022-08-10,333,GENKI3_L04,activity noun genki3-l04
624914ad-ed17-40f2-9260-e70c69962692,person,人,ひと,,noun,,5,2022-08-10,334,GENKI3_L04,noun genki3-l04
399bbf9b-f7e7-429c-8874-42e0bf5cae9e,child,子供,こども,,noun,,5,2022-08-10,335,GENKI3_L04,noun genki3-l04
e63daade-a22a-4554-a061-4077691692ee,picture; photograph,写真,しゃしん,,noun,,5,2022-08-10,336,GENKI3_L04,noun genki3-l04
8b29a67e-61cf-494a-972a-5d59944a53d6,flower,花,はな,,noun,,5,2022-08-10,337,GENKI3_L04,noun genki3-l04
26eb1163-f6e3-43a8-b406-be60d5959e56,(term) paper,レポート,れぽおと,,noun,,4,2022-08-10,338,GENKI3_L04,noun genki3-l04
8ff036c4-9800-49d5-906b-514520c78880,temple,お寺,おてら,,noun,,4,2022-08-10,339,GENKI3_L04,place noun genki3-l04
fe1b8cc3-30c4-49ce-90de-e60514fdf437,park,公園,こうえん,,noun,,5,2022-08-10,340,GENKI3_L04,place noun genki3-l04
1e29f308-89f0-4c1d-bef5-323b3fdb1ca7,supermarket,スーパー,すうぱあ,,noun,,,2022-08-10,341,GENKI3_L04,place noun genki3-l04
c406dd1a-75be-4283-97ee-5c7c31f904ed,bus stop,バス停,ばすてい,,noun,,,2022-08-10,342,GENKI3_L04,place noun genki3-l04
850f7735-fa14-49d2-9879-20d8a47dc0e8,hospital,病院,びょういん,,noun,,5,2022-08-10,343,GENKI3_L04,place noun genki3-l04
19bda9d8-1bbf-4d7b-8388-8375d9480918,hotel,ホテル,ほてる,,noun,,5,2022-08-10,344,GENKI3_L04,place noun genki3-l04
e0b533e8-f938-4c93-b5fc-cbf9a5efbc9c,bokkstore,本屋,ほんや,,noun,,,2022-08-10,345,GENKI3_L04,place noun genki3-l04
ddb16a7a-e9c0-4cce-ac65-ea78d074fce8,town; city,町,まち,,noun,,5,2022-08-10,346,GENKI3_L04,place noun genki3-l04
470f29e2-10f1-4d28-9d80-d40f15fc171a,restaurant,レストラン,れすとらん,,noun,,5,2022-08-10,347,GENKI3_L04,place noun genki3-l04
d5575534-34bf-41fc-a7df-2ed647e61a05,yesterday,昨日,きのう,,noun,,5,2022-08-10,348,GENKI3_L04,time noun genki3-l04
819a835d-a6be-4c08-a364-8907b1226bbf,...hours; time,〜時間,じかん,,noun,,5,2022-08-10,349,GENKI3_L04,time noun genki3-l04
30e8ffe0-74a6-411b-957d-5ee3277bd853,last week,先週,せんしゅう,,noun,,5,2022-08-10,350,GENKI3_L04,time noun genki3-l04
585f82ea-6a6a-4005-b3a6-ed57442a6ed9,when...; at the time of...,時,とき,,noun,,3,2022-08-10,351,GENKI3_L04,time noun genki3-l04
7e9e71f3-ca82-40b2-9190-e8df09a60b70,Monday,月曜日,げつようび,,noun,,5,2022-08-10,352,GENKI3_L04,time noun genki3-l04
a7f63c04-eeb1-4cc9-b9e7-93c5aef67195,Tuesday,火曜日,かようび,,noun,,5,2022-08-10,353,GENKI3_L04,time noun genki3-l04
b7290a17-b80a-4663-84b4-fb97c53ac10e,Wednesday,水曜日,すいようび,,noun,,5,2022-08-10,354,GENKI3_L04,time noun genki3-l04
29385baf-a573-49a4-b4b5-0119dae49df3,Thursday,木曜日,もくようび,,noun,,5,2022-08-10,355,GENKI3_L04,time noun genki3-l04
1ecc5944-6007-4a9f-8153-41e50842b67a,Friday,金曜日,きんようび,,noun,,5,2022-08-10,356,GENKI3_L04,time noun genki3-l04
8728a06a-1e5b-436b-939a-b1d96a7d9f79,there exists...,いる,いる,,verb,ichidan verb,5,2022-08-10,357,GENKI3_L04,to-be-verb verb ichidan-verb genki3-l04
a4025eed-7054-4b18-b8ce-c90bc7ed6b00,there is...,ある,ある,,verb,godan verb,5,2022-08-10,358,GENKI3_L04,to-be-verb verb godan-verb genki3-l04
a7c68ed2-5f08-4411-9030-42347f7d571f,to meet; to see a person,会う,あう,,verb,godan verb,5,2022-08-10,359,GENKI3_L04,verb godan-verb genki3-l04
1e617d48-2df2-4c74-b732-89783d176db9,to buy; to purchase,買う,かう,,verb,godan verb,5,2022-08-10,360,GENKI3_L04,verb godan-verb genki3-l04
1629794a-84d2-44f3-b05b-89bcb817152a,to write,書く,かく,,verb,godan verb,5,2022-08-10,361,GENKI3_L04,verb godan-verb genki3-l04
ab8ef931-7703-4d80-9272-bbc453f19b69,to take (a photograph),撮る,とる,,verb,godan verb,5,2022-08-10,362,GENKI3_L04,verb godan-verb genki3-l04
7e09edbb-c75f-4ee4-8006-89ac3deea1d0,to wait,待つ,まつ,,verb,godan verb,5,2022-08-10,363,GENKI3_L04,verb godan-verb genki3-l04
749a9435-10dc-4b02-b1dc-778f08e86258,to understand; to comprehend,わかる,わかる,分かる,verb,godan verb,5,2022-08-10,364,GENKI3_L04,verb godan-verb genki3-l04
b32131c2-4721-5e1c-ba58-e06896a83cf1,to know; to be aware of,知る,しる,,verb,godan verb,5,2022-09-08,365,GENKI3_L07,verb godan-verb genki3-l07
9fe24c28-0eae-4a2c-ad49-16f76680afec,about (approximate measurment),〜ぐらい,ぐらい,,suffix,,1,2022-08-10,366,GENKI3_L04,suffix genki3-l04
9ec6f020-0166-4d80-a938-070eeb78cc05,excuse me,すみません,すみません,,expression,,3,2022-08-10,367,,expression
7d011295-e767-462a-85a9-8f5fab4883b8,sorry,ごめん,ごめん,,interjection,,2,2022-08-10,368,,interjection
46ba5ddd-9d1f-4bc0-982e-a67e7bb4b307,I'm deeply sorry sorry,ごめんなさい,ごめんなさい,,expression,,3,2022-08-10,369,GENKI3_L04,expression genki3-l04
7ded3290-23fd-4091-83c5-560563afeed3,and then,それから,それから,,expression,,5,2022-08-10,370,GENKI3_L04,expression genki3-l04
3fd6bcdf-d9e5-4cc9-8aab-46e121e4c86a,so; therefore,だから,だから,,conjunction,,4,2022-08-10,371,GENKI3_L04,conjunction genki3-l04
10eece8b-4102-41c5-9532-e62246da60e2,many; a lot,たくさん,たくさん,沢山,noun,,5,2022-08-10,372,GENKI3_L04,noun genki3-l04
d097a029-96a6-4cfe-936e-9f815b368de3,together with (a person); and,〜と,と,,conjunction,,3,2022-08-10,373,GENKI3_L04,conjunction genki3-l04
f439afe8-6382-4017-b594-de82a2d090e6,why; how,どうして,どうして,,adverb,,5,2022-08-10,374,GENKI3_L04,adverb genki3-l04
0839c0a5-e217-465a-9b68-64994b80b119,alone,一人で,ひとりで,,expression,,,2022-08-10,375,GENKI3_L04,expression genki3-l04
82698354-a810-410e-a0c2-e2e9e391e7bc,hello? (phone),もしもし,もしもし,,expression,,,2022-08-10,376,GENKI3_L04,expression genki3-l04
83d209ab-6760-5b3f-945c-f82a55d9bcc1,right,右,みぎ,,noun,,5,2022-08-10,377,GENKI3_L04,location noun genki3-l04
92a12133-28d1-5327-b9b9-db5c7d58fcdb,left,左,ひだり,,noun,,5,2022-08-10,378,GENKI3_L04,location noun genki3-l04
8c4152ae-6000-57f5-8244-ac48a99f7e20,front,前,まえ,,noun,,5,2022-08-10,379,GENKI3_L04,location noun genki3-l04
5abdcbf7-54bd-541a-be8b-e2aac1a36bf2,back,後ろ,うしろ,,noun,,5,2022-08-10,380,GENKI3_L04,location noun genki3-l04
e37a40e2-6a4c-5046-9054-71bd174159cf,inside,中,なか,,noun,,5,2022-08-10,381,GENKI3_L04,location noun genki3-l04
b7339af2-316c-551b-a5da-cb03d2ef2392,on,上,うえ,,noun,,5,2022-08-10,382,GENKI3_L04,location noun genki3-l04
658ee639-0bc6-5cd5-8342-15f7698bf75d,under,下,した,,noun,,5,2022-08-10,383,GENKI3_L04,location noun genki3-l04
f8bbf752-a05d-542c-99ad-1b59fec7e4a6,near; nearby,近く,しかく,,noun,,5,2022-08-10,384,GENKI3_L04,location noun genki3-l04
9c00bb62-e821-5702-ad5d-20d324fdb688,next,隣,となり,,noun,,5,2022-08-10,385,GENKI3_L04,location noun genki3-l04
5d31fe9a-a3d5-548d-b92c-323392afbb5f,between,間,あいだ,,noun,,5,2022-08-10,386,GENKI3_L04,location noun genki3-l04
e48fb32f-70db-56b6-9be3-882d953469c5,senior colleague,先輩,せんぱい,,noun,,4,2022-09-14,387,,noun
576386e2-9779-5938-9822-1c1013726a52,junior colleague,後輩,こうはい,,noun,,2,2022-09-14,388,,noun
c4fe5291-83a0-5e58-9791-744a785a3d9a,rice cracker,煎餅,せんべい,,noun,,,2022-08-12,389,,food noun
e182997f-4799-5c3c-a985-ed126db9687e,cake,ケーキ,ケえき,,noun,,4,2022-08-12,390,,food noun
676d3eb5-4992-5047-ad16-142df7b8ec38,rice ball,お握り,おにぎり,,noun,,,2022-08-12,391,,food noun
cd548aa6-54f8-5f0a-b55f-c0fcf26dbc2a,salt,塩,しお,,noun,,5,2022-08-12,392,,food noun
f9253f00-8203-5dc9-89f5-a39b4d3d9d55,chopsticks,箸,はし,,noun,,5,2022-08-20,393,,food kitchen noun
ca8b76ff-0345-5367-855a-fd69329898a6,(some) more; longer; further,もっと,もっと,,adverb,,5,2022-08-12,394,,adverb
fa69ee4d-ab8a-5daf-8701-abab724eaade,geek; nerd,オタク,おたく,,noun,,,2022-08-12,395,,slang noun
3953151e-3280-5665-8c64-1bfabbedcdd2,hot water; hot bath; hot spring,湯,ゆ,,noun,,4,2022-08-12,396,,noun
8c842dec-6e97-54b7-ad74-2408c4b88677,hot spring,温泉,おんせん,,noun,,2,2022-08-12,397,,noun
c30f6fb9-5695-5c83-80b8-6ff6fa07ce2e,to stop moving; to come to a stop,止まる,とまる,,verb,,,2022-09-02,398,,verb
461f8d91-ff08-5cf0-a0a9-891008b85589,stop (on road signage),止まれ,とまれ,,expression,,,2022-08-12,399,,expression
8e1502b1-e593-5485-867d-72fcb3b1217d,plain; field,野,の,,noun,,3,2022-09-09,400,,noun
7d911224-17ff-5957-a840-cf56e5907439,division into equal parts,等分,とうぶん,,noun,,2,2022-08-12,401,,noun
e396a0a2-95a9-52dc-bbde-5bbc8d28c073,bride,花嫁,はなよめ,,noun,,2,2022-08-12,402,,noun
3f9be32c-56f7-5543-98b0-5f145ab43669,master; teacher,師匠,ししょう,,noun,,,2022-08-12,403,,noun
b0f23319-1e7e-5eee-aa4c-1181b78ebeec,order; request,ご注文,ごちゅもん,,noun,,,2022-08-12,404,,noun
c495dd60-9438-5d9f-892e-6b37d6d88c4a,witch,魔女,まじょ,,noun,,,2022-08-12,405,,noun
52f192e3-6628-546b-80b5-f63547b440d5,demon; ogre,鬼,おに,,noun,,3,2022-08-12,406,,noun
63f02942-2ba9-5ff6-aa84-be6ecd6f209d,devine spirit,神,かみ,,noun,,3,2022-08-12,407,,noun
abbcc24b-a635-5aeb-b6ef-387d88099538,travel; trip; journey,旅,たび,,noun,,3,2022-08-12,408,,noun
aeac8e75-ade1-55a0-b4d0-4203dc90df45,light music,軽音楽,けいおんがく,,noun,,1,2022-08-19,409,,noun
300bed58-ddab-5420-8396-3147573388c3,club; department (of company),部,ぶ,,noun,,1,2022-08-12,410,,noun
7735ac10-24a6-57a5-baf8-6eec8dc148ae,tidal wave,津波,つなみ,,noun,,1,2022-08-12,411,,noun
e2a1e5ef-c9d8-5554-a912-e6014d2c0f35,small child; cute small version of someone,チビ,ちび,,noun,,,2022-08-13,412,,noun
2c0b911e-ac72-5c04-bfd3-ebcd9e988dee,cute,カワイイ,かわいい,,adjective,i adjective,5,2022-08-13,413,,adjective i-adjective
281d7359-80a0-519d-9c57-504f35bfd5ee,heated table,こたつ,こたつ,,noun,,1,2022-08-13,414,,noun
c3f5ef65-8025-5f56-b5e1-efc61a1c81bc,Japanese bedding,布団,ふとん,,noun,,4,2022-08-13,415,,noun
49dcb689-b576-56c7-b9f6-1da98acb2667,to collect; to assemble; to gather,集める,あつめる,,verb,ichidan verb,4,2022-08-22,416,,verb ichidan-verb
4f3a6c3d-94a5-54c7-bd5c-c16d008d8cf7,cheers,乾杯,かんぱい,,noun,,2,2022-08-27,417,,noun
4a03f495-c343-5e8f-a1fe-fd1b6624f63a,laundry,洗濯,せんたく,,noun,,5,2022-08-29,418,,noun
4126b8e5-2e98-52ad-b637-7bd8ed566781,starry sky,星空,ほしぞら,,noun,,,2022-08-29,419,,noun
ee877e49-b3e4-5e51-a969-c620c8407809,"lively, energetic; well, healthy",元気,げんき,,adjective,na adjective,5,2022-09-02,420,GENKI3_L05,adjective na-adjective genki3-l05
4b7cb2ac-7b91-54eb-86e3-2366f5e802bb,"desire, wish; request",願い,ねがい,,noun,,3,2022-09-02,421,DUO_U03,noun duo-u03
1d9fa8be-94a8-565a-93a3-973da9e759fa,request; favor to ask,お願い,おねがい,,noun,godan verb,5,2022-09-02,422,,noun godan-verb
59f26319-a287-5600-95b4-714e7fe21547,mochi,もち,もち,餅,noun,,2,2022-09-07,423,,noun
43dce298-e577-5174-8f14-ecb525e67d38,autum colors; leaves turning,紅葉,もみじ,,noun,,2,2022-09-07,424,,noun
25032880-e2a8-54f3-8681-22172c54b84a,excited; trembling; getting nervous,わくわく,わくわく,,adverb,,,2022-09-07,425,,adverb
94bb3768-7278-5e58-80cb-f5c809726ef1,being too late; losing one's final chance​,手遅れ,ておくれ,,noun,,1,2022-09-10,426,,noun
cdb482ec-df51-5e19-8c72-08a8cb1c0a3e,food,食べ物,たべもの,,noun,,5,2022-09-07,427,GENKI3_L05,noun genki3-l05
cf8e1efb-b036-56e8-ad12-5e06f9b26bde,drink,飲み物,のみもの,,noun,,5,2022-09-07,428,GENKI3_L05,noun genki3-l05
5d5eb0f1-6cb0-5383-8797-49330b70b84c,holiday; day off; absence,休み,やすみ,,noun,,5,2022-09-07,429,GENKI3_L05,noun genki3-l05
885a798b-20d9-5279-ba34-8324db75f028,travel; trip; journey,旅行,りょこう,,noun,,5,2022-09-07,430,GENKI3_L05,noun genki3-l05
b569a875-d88f-5e2a-b063-0f3f29f06094,sea,海,うみ,,noun,,5,2022-09-07,431,GENKI3_L05,noun genki3-l05
b0188056-54cc-55e1-8cbd-418370ed533d,waterway; channel,澪,みお,,noun,,,2022-09-07,432,,noun
ed499008-cde3-543e-a0d9-693e001b321c,surfing,サーフィン,すうふぃん,,noun,,,2022-09-07,433,GENKI3_L05,noun genki3-l05
fa1bca4b-31a8-5488-a6d9-5b5a3fe927b8,souvenir,お土産,おみやげ,,noun,,4,2022-09-07,434,GENKI3_L05,noun genki3-l05
2d402f9c-7727-5394-b6d5-8767371af073,bus,バス,ばす,,noun,,5,2022-09-07,435,GENKI3_L05,noun genki3-l05
4c1ba9fa-920a-5646-8869-d84d39e842a3,weather,天気,てんき,,noun,,5,2022-09-07,436,GENKI3_L05,noun genki3-l05
a1bfcd70-a853-50b0-955b-32fe355c2700,homework,宿題,しゅくだい,,noun,,5,2022-09-07,437,GENKI3_L05,noun genki3-l05
dee18a86-fd39-54bc-9a77-ee24ba39c17c,test,テスト,てすと,,noun,,5,2022-09-07,438,GENKI3_L05,noun genki3-l05
6d4b95c5-1f5a-50e0-aa8b-5558e8211486,birthday,誕生日,たんじょうび,,noun,,5,2022-09-07,439,GENKI3_L05,noun genki3-l05
deb66e89-8251-5b46-9bb1-b1338aaa4e62,size L,Ｌサイズ,えるさいず,,noun,,1,2022-09-07,440,GENKI3_L05,noun genki3-l05
3ea98874-cf05-5e92-b8f2-45751b667e83,new,新しい,あたらしい,,adjective,i adjective,5,2022-09-07,441,GENKI3_L05,adjective i-adjective genki3-l05
9ab38a71-325c-5f1b-b0aa-d9c5ce43b888,old (thing); ancient,古い,ふるい,,adjective,i adjective,5,2022-09-07,442,GENKI3_L05,adjective i-adjective genki3-l05
21d6fb85-2f85-5a8c-a29b-375f90b9803e,hot weather,暑い,あつい,,adjective,i adjective,5,2022-09-07,443,GENKI3_L05,adjective i-adjective genki3-l05
dbeefce5-aaa6-5694-985d-6771413fa0fd,cold weather,寒い,さむい,,adjective,i adjective,,2022-09-07,444,GENKI3_L05,adjective i-adjective genki3-l05
9a7ac507-ea08-5187-ad27-04615036db05,hot thing,熱い,あつい,,adjective,i adjective,5,2022-09-07,445,GENKI3_L05,adjective i-adjective genki3-l05
36bbdf48-c6cf-502b-85a2-26bec94171c5,busy people/days,忙しい,いそがしい,,adjective,i adjective,5,2022-09-07,446,GENKI3_L05,adjective i-adjective genki3-l05
9c26c29d-c047-519d-bd01-6eb035e74752,large,大きい,おおさい,,adjective,i adjective,5,2022-09-07,447,GENKI3_L05,adjective i-adjective genki3-l05
bbdc1a0a-1d15-5484-89ac-e3594f2d0e70,small,小さい,ちいさい,,adjective,i adjective,5,2022-09-07,448,GENKI3_L05,adjective i-adjective genki3-l05
14eb54bb-8d5f-50c2-b2e7-9b89a32a18f6,interesting; funny,面白い,おもしろい,,adjective,i adjective,5,2022-09-07,449,GENKI3_L05,adjective i-adjective genki3-l05
2e46c8d1-bb5e-5c96-9e63-b1d4fc035da1,boring,つまらない,つまらない,,adjective,i adjective,5,2022-09-07,450,GENKI3_L05,adjective i-adjective genki3-l05
ce5f2a5f-821f-5a5f-b5e5-6b59658ee781,easy (problem),やさしい,やさしい,易しい,adjective,i adjective,5,2022-09-07,451,GENKI3_L05,adjective i-adjective genki3-l05
f0506ed6-e8ae-5d80-90bc-d527638693f8,kind (person),優しい,やさしい,,adjective,i adjective,4,2022-09-07,452,,adjective i-adjective
835597f8-7be1-561d-8ef8-9c73316e9b49,difficult,難しい,むずかしい,,adjective,i adjective,5,2022-09-07,453,GENKI3_L05,adjective i-adjective genki3-l05
46305ec7-a809-547e-bb67-8533f9059b26,good-looking,かっこいい,かっこいい,格好いい,adjective,i adjective,,2022-09-07,454,GENKI3_L05,adjective i-adjective genki3-l05
b28e9f01-a176-5cfa-b00b-e1fd1552f02d,frightening,怖い,こわい,,adjective,i adjective,4,2022-09-07,455,GENKI3_L05,adjective i-adjective genki3-l05
03824733-2e97-5d1e-8705-2520abf86985,fun,楽しい,たのしい,,adjective,i adjective,5,2022-09-07,456,GENKI3_L05,adjective i-adjective genki3-l05
a1c2f5e9-df18-5d9f-83db-7d30491b502d,inexpensive; cheap (thing),安い,やすい,,adjective,i adjective,5,2022-09-07,457,GENKI3_L05,adjective i-adjective genki3-l05
cad48907-4908-5de4-8ee7-0c78c98ab755,disgusted with; to dislike,嫌い,きらい,,adjective,na adjective,5,2022-09-07,458,GENKI3_L05,adjective na-adjective genki3-l05
f12880cb-86c7-5720-8773-a1cdfbe838f7,very fond of; to love,大好き,だいすき,,adjective,na adjective,5,2022-09-07,459,GENKI3_L05,adjective na-adjective genki3-l05
f610a74c-6229-5d19-b214-c183c4a1d92b,to hate,大嫌い,だいきらい,,adjective,na adjective,,2022-09-07,460,GENKI3_L05,adjective na-adjective genki3-l05
8218a74b-27ab-5310-80f8-8cca81609f73,beautiful; clean,きれい,きれい,,adjective,na adjective,5,2022-09-07,461,GENKI3_L05,adjective na-adjective genki3-l05
489610bc-c907-5de6-a0e7-acbeba740f3d,quiet,静か,しずか,,adjective,na adjective,5,2022-09-07,462,GENKI3_L05,adjective na-adjective genki3-l05
96e3bcd4-e542-5d84-8576-c33f94149bc8,lively,にぎやか,にぎやか,,adjective,na adjective,5,2022-09-07,463,GENKI3_L05,adjective na-adjective genki3-l05
585dccbc-01ad-5691-95c0-a5d402db619d,not busy; free (time),暇,ひま,,adjective,na adjective,5,2022-09-07,464,GENKI3_L05,adjective na-adjective genki3-l05
4ae77db0-2b66-543a-8d78-8e51c4cb0676,to swim,泳ぐ,およぐ,,verb,godan verb,5,2022-09-07,465,GENKI3_L05,verb godan-verb genki3-l05
2bcd828d-02d9-5834-8e4e-2a9fdecb800f,to ride; to board,乗る,のる,,verb,godan verb,5,2022-09-07,466,GENKI3_L05,verb godan-verb genki3-l05
43056e9d-b789-5d3b-ae22-ccd5feca4e1a,to do; to perform; to play (a game),やる,やる,,verb,godan verb,1,2022-09-07,467,GENKI3_L05,verb godan-verb genki3-l05
87f65ff6-cc11-5ed3-ae0f-91cd20cf2c32,to go out,出かける,でかける,,verb,ichidan verb,5,2022-09-07,468,GENKI3_L05,verb ichidan-verb genki3-l05
6debd947-e8ba-512e-8457-8bf0e7ea9e5b,exit,出口,でくち,,noun,,5,2022-09-07,469,,noun
3121a086-d388-5e2d-87ea-42928a70bdb2,together (with); at the same time;,一緒に,いっしょに,,adverb,,,2022-09-07,470,GENKI3_L05,adverb genki3-l05
0dbac8fa-7de5-557b-a950-da804909a322,extremely,すごく,すごく,凄く,adverb,,,2022-09-07,471,GENKI3_L05,adverb genki3-l05
49100de9-fba3-596c-a2d2-d7d268716d82,very,とても,とても,,adverb,,5,2022-09-07,472,GENKI3_L05,adverb genki3-l05
a7e30acf-baa9-5c69-b41d-b344f631a8a6,what kind of...,どんな,どんな,,pre noun adjectival,,3,2022-09-07,473,GENKI3_L05,pre-noun-adjectival genki3-l05
acbf41df-4c3c-58fe-b99e-30d088bafb4f,counter for flat objects,〜枚,〜まい,,counter,,1,2022-09-07,474,GENKI3_L05,counter genki3-l05
9602b36a-fef2-58f6-a53a-84283766c73d,tsunami,津波,つなみ,,noun,,1,2022-09-17,475,,noun
18483a29-02d3-5d72-be2f-2e865c5689a1,typhoon,台風,たいふう,,noun,,4,2022-09-17,476,,noun
932265f2-4f7c-5f7d-b31d-cb211276ae8d,earthquake,地震,じしん,,noun,,4,2022-09-17,477,,noun
