definition,preferred_spelling,phonetic_spelling,alt_phon_spell,kanji_spelling,word_class_code,conjugation_kind_code,jlpt_level,lesson_codes,tags,id,row_num,date_added,,dictionary_form,past_form,te_form,negative_form,negative_past_form,negative_te_form,polite_form,polite_past_form,polite_te_form,polite_negative_form,polite_negative_past_form,polite_negative_te_form
Good morning,おはよう,おはよう,,,EXPRESSION,,2,{GENKI3_L00},{greeting},f552ea3a-8b7f-5433-aa20-4c93a6868fb3,1,2022-04-24,,,,,,,,,,,,,
Good morning (polite),おはようございます,おはようございます,,,EXPRESSION,,,{GENKI3_L00},{greeting},8359d7d1-d6d6-5995-962e-3f6566232911,2,2022-04-24,,,,,,,,,,,,,
Good afternoon,こんにちは,こんにちは,,,EXPRESSION,,3,"{DUO_01_02,DUO_U01,GENKI3_L00}",{greeting},4c55fd59-1160-52d2-8383-00f292668c1f,3,2022-04-24,,,,,,,,,,,,,
Good evening,こんばんは,こんばんは,,,EXPRESSION,,2,{GENKI3_L00},{greeting},8d46e404-38ff-518c-a25d-cb95d6f2c511,4,2022-04-24,,,,,,,,,,,,,
Goodbye,さようなら,さようなら,,,EXPRESSION,,2,"{DUO_01_02,DUO_U01,GENKI3_L00}",{greeting},1184380a-27db-5f8e-841d-7b105c2a7366,5,2022-04-24,,,,,,,,,,,,,
Goodnight,おやすみ,おやすみ,,,EXPRESSION,,2,{GENKI3_L00},{greeting},3ecfb07b-0a66-555c-97c4-5af7cb806507,6,2022-04-24,,,,,,,,,,,,,
Goodnight (polite),おやすみなさい,おやすみなさい,,,EXPRESSION,,,{GENKI3_L00},{greeting},a419bb62-f061-5ac6-856b-6f85002642c6,7,2022-04-24,,,,,,,,,,,,,
Thank you,ありがとう,ありがとう,,有り難う,EXPRESSION,,3,{GENKI3_L00},{greeting},c7a645f7-256a-536a-a5ee-5f85e8ce1137,8,2022-04-24,,,,,,,,,,,,,
Thank you (polite),ありがとうございます,ありがとうございます,,有難うございます,EXPRESSION,,,{GENKI3_L00},{greeting},b626308d-6418-5a2c-9151-7a8a368f27a3,9,2022-04-24,,,,,,,,,,,,,
I'll go and come back,いってきます,いってきます,,行ってきます,EXPRESSION,,,{GENKI3_L00},{greeting},1913dbc6-4712-549a-9274-dc3511cecbfe,10,2022-04-24,,,,,,,,,,,,,
Please go and come back,いってらっしゃい,いってらっしゃい,,,EXPRESSION,,2,{GENKI3_L00},{greeting},e7161fcf-fbaf-5971-8adb-70745ae24103,11,2022-04-24,,,,,,,,,,,,,
I'm home,ただいま,ただいま,,,EXPRESSION,,,{GENKI3_L00},{greeting},c2a4dbcf-dba1-5e27-964f-5e2f7b358725,12,2022-04-24,,,,,,,,,,,,,
Welcome home,お帰り,おかえり,,お帰り,EXPRESSION,,2,{GENKI3_L00},{greeting},b06abb09-c9bd-5beb-a7b7-d184bedf72ca,13,2022-04-24,,,,,,,,,,,,,
Welcome home (polite),お帰りなさい,おかえりなさい,,お帰りなさい,EXPRESSION,,,{GENKI3_L00},{greeting},47b08527-885b-50bb-b538-180dc308199a,14,2022-04-24,,,,,,,,,,,,,
Thank you for the meal (before),いただきます,いただきます,,,EXPRESSION,,3,{GENKI3_L00},{greeting},797b03e3-1495-52c0-baf4-ffb9cb324089,15,2022-04-24,,,,,,,,,,,,,
Thank you for the meal (after),ごちそうさま,ごちそうさま,,,EXPRESSION,,2,{GENKI3_L00},{greeting},59bad243-8b31-54f3-9d7b-6de0961bc059,16,2022-04-24,,,,,,,,,,,,,
"Thank you for the meal (after, polite)",ごちそうさまでした,ごちそうさまでした,,,EXPRESSION,,,{GENKI3_L00},{greeting},05436324-1858-5a2f-a2a1-a41d00f862cc,17,2022-04-24,,,,,,,,,,,,,
How do you do?; I am glad to meet you,はじめまして,はじめまして,,初めまして,EXPRESSION,,2,{GENKI3_L00},{greeting},136d6d6d-0487-5709-ac27-2c376bfebd43,18,2022-04-24,,,,,,,,,,,,,
Nice to meet you; i'm counting on you,よろしくお願いします,よろしくおねがいします,,よろしくお願いします,EXPRESSION,,,{GENKI3_L00},{greeting},ddd5fd1f-f041-576c-a479-d8d9a3221370,19,2022-04-24,,,,,,,,,,,,,
be; is (coupala),だ,だ,,,VERB,IRREGULAR_VERB,,,,0d8e1494-cfe2-43ab-b06e-31ad060eec1a,20,2022-10-09,,だ,だった,で,じゃない,じゃなかった,,です,でした,でありまして,じゃないです,じゃないかったです,
college; university,大学,だいがく,,大学,NOUN,,5,"{DUO_02_05,DUO_U08,GENKI3_L01}","{place,school}",d43cc787-37af-5dd1-92b5-fc756f18298a,21,2022-04-24,,,,,,,,,,,,,
high school,高校,こうこう,,高校,NOUN,,4,"{DUO_02_05,DUO_U08,GENKI3_L01}","{place,school}",3c890a54-15f9-56e1-9bd5-3c91274b6246,22,2022-04-24,,,,,,,,,,,,,
student,学生,がくせい,,学生,NOUN,,5,{GENKI3_L01},{school},6de86986-05ed-58da-a055-9d49c89f7a06,23,2022-04-24,,,,,,,,,,,,,
college student; university student,大学生,だいがくせい,,大学生,NOUN,,4,"{DUO_02_05,DUO_U08,GENKI3_L01}",{school},d1cb9e5b-6cc5-5339-b33d-4e948229156e,24,2022-04-24,,,,,,,,,,,,,
international student; foreign exchange student,留学生,りゅうがくせい,,留学生,NOUN,,5,"{DUO_02_05,DUO_U08,GENKI3_L01}",{school},efe5fea4-0476-5328-bd18-2a469a8b6c3e,25,2022-04-24,,,,,,,,,,,,,
teacher; professor,先生,せんせい,,先生,NOUN,,5,{GENKI3_L01},{school},c21b42a5-1ef1-51cf-9402-199d2b562a47,26,2022-04-24,,,,,,,,,,,,,
...year student,〜年生,〜ねんせい,,〜年生,NOUN,,1,"{DUO_02_05,DUO_U08,GENKI3_L01}",{school},057a7cd1-f1a6-50e2-8449-3b6f04c67305,27,2022-04-24,,,,,,,,,,,,,
major,専攻,せんこう,,専攻,NOUN,,3,{GENKI3_L01},{school},e71aac30-c949-5b47-b118-d02a5d703701,28,2022-04-24,,,,,,,,,,,,,
I,私,わたし,,私,PRONOUN,,5,"{DUO_01_02,DUO_U01,GENKI3_L01}",{person},4b1d8b7f-6477-5881-9439-1a7f30b26c9d,29,2022-04-24,,,,,,,,,,,,,
you,あなた,あなた,,貴方,PRONOUN,,5,,{person},c88ef88c-2242-4ea2-903e-ceeb22e7614d,30,2022-10-10,,,,,,,,,,,,,
friend,友達,ともだち,,友達,NOUN,,5,{GENKI3_L01},{person},f65b93fb-1086-5405-8163-394db3e83014,31,2022-04-24,,,,,,,,,,,,,
Mr./Ms.,〜さん,〜さん,,,SUFFIX,,1,{GENKI3_L01},{person},c26e8356-f73a-5ddf-b045-432580c37468,32,2022-04-24,,,,,,,,,,,,,
...people,〜人,〜じん,,〜人,SUFFIX,,1,{GENKI3_L01},{person},0ef6972f-5e7d-5b51-be7f-8f39a5fd5e0e,33,2022-04-24,,,,,,,,,,,,,
of course,もちろん,もちろん,,勿論,ADVERB,,3,"{DUO_02_03,DUO_U07,GENKI3_L07}",,146b7705-d9cd-511f-988c-5b2cc7661b75,34,2022-04-24,,,,,,,,,,,,,
office; company,会社,かいしゃ,,会社,NOUN,,5,"{DUO_02_03,DUO_U07,GENKI3_L07}",{place},8bedfb60-1599-58b0-9568-5e72b8cf6b7e,35,2022-04-24,,,,,,,,,,,,,
school,学校,がっこう,,学校,NOUN,,5,"{DUO_02_03,DUO_U07}","{place,school}",25f93b07-dc04-553a-8794-329cc907dbe5,36,2022-04-24,,,,,,,,,,,,,
elementary school,小学,しょうがく,,小学,NOUN,,,"{DUO_02_05,DUO_U08}","{place,school}",37eba762-70cf-5c5c-b689-621f26c1ee5f,37,2022-04-24,,,,,,,,,,,,,
middle school,中学,ちゅうがく,,中学,NOUN,,3,"{DUO_02_05,DUO_U08}","{place,school}",99cdf9f9-df8c-5d7a-9ea1-a7c003c9f289,38,2022-04-24,,,,,,,,,,,,,
foreigner,外国人,がいこくじん,,外国人,NOUN,,5,"{DUO_02_05,DUO_U08}",{person},947e6f87-e4fe-5b27-9bd3-215e8b1fc71a,39,2022-04-24,,,,,,,,,,,,,
to live; to reside; to inhabit,住む,すむ,,住む,VERB,GODAN_VERB,5,"{DUO_02_05,DUO_U08,GENKI3_L07}",,dd191fac-e29b-5262-b2a6-f9f2875a4a3f,40,2022-04-24,,住む,住んだ,住んで,住まない,住まなかった,住まなくて,住みます,住みました,,住みません,住みませんでした,
Kyoto,京都,きょうと,,京都,PROPER_NOUN,,,"{DUO_02_05,DUO_U08,GENKI3_L03}","{city,place}",fc82f2ac-3b17-582f-9259-7200e1430824,41,2022-04-24,,,,,,,,,,,,,
Osaka,大阪,おおさか,,大阪,PROPER_NOUN,,,"{DUO_02_05,DUO_U08}","{city,place}",15c5fee6-dda7-5d40-b7fd-382d97a28b9c,42,2022-04-24,,,,,,,,,,,,,
Tokyo,東京,とおきょう,,東京,PROPER_NOUN,,,"{DUO_02_05,DUO_U08}","{city,place}",39458010-a5eb-5b13-b054-4cc458702c56,43,2022-04-24,,,,,,,,,,,,,
to say; to be called; name,申す,もうす,,申す,VERB,GODAN_VERB,4,"{DUO_02_05,DUO_U08}",,091d6d9c-5d19-51f5-bc28-3b5281042464,44,2022-04-24,,申す,申した,申して,申さない,申さなかった,申さなくて,申します,申しました,,申しません,申しませんでした,
"to differ, to disagree; to be wrong",違う,ちがう,,違う,VERB,GODAN_VERB,5,,,b7d078d1-235f-4462-b052-453aa5f6dfcf,45,2022-08-10,,違う,違った,違って,違わない,違わなかった,違わなくて,違います,違いました,,違いません,違いませんでした,
That is not right (this is wrong),違います,ちがいます,,違います,EXPRESSION,,,"{DUO_02_05,DUO_U08}",,6e44df4a-4366-5c1a-86af-87a4e5f61fc6,46,2022-04-24,,,,,,,,,,,,,
What is the difference?,違いは何ですか,ちがいはなんですか,,違いは何ですか,EXPRESSION,,,"{DUO_02_05,DUO_U08}",,7748dd60-2126-5e30-a5b6-39596a0e25e4,47,2022-04-24,,,,,,,,,,,,,
Now,今,いま,,今,NOUN,,5,"{DUO_02_02,DUO_U06,GENKI3_L01}",{time},dce3fe6a-497c-54b2-a121-df6767084258,48,2022-04-24,,,,,,,,,,,,,
A.M.,午前,ごぜん,,午前,NOUN,,5,"{DUO_02_03,DUO_U07,GENKI3_L01}",{time},42ffdbae-c27d-53a4-b113-95583953e16c,49,2022-04-24,,,,,,,,,,,,,
P.M.,午後,ごご,,午後,NOUN,,5,"{DUO_02_03,DUO_U07,GENKI3_L01}",{time},94611381-0488-58aa-8cf2-12ad9ff4e2dd,50,2022-04-24,,,,,,,,,,,,,
...o'clock,〜時,〜じ,,〜時,SUFFIX,,,"{DUO_02_02,DUO_U06,GENKI3_L01}",{time},40502e18-b4ba-50b4-89b7-23fd3b4d4a21,51,2022-04-24,,,,,,,,,,,,,
half; half-past,半,はん,,半,NOUN,,5,"{DUO_02_02,DUO_U06,GENKI3_L01}",{time},5372b023-b803-551c-9a7f-f404804f63f1,52,2022-04-24,,,,,,,,,,,,,
"minute, arcminutes",〜分,〜ふん,〜ぷん,〜分,NOUN,,1,"{DUO_02_02,DUO_U06}",{time},2cf1d32f-b261-5ba6-829c-a9f1237a88d6,53,2022-04-24,,,,,,,,,,,,,
"part, portion, share",分,ぶん,,分,NOUN,,3,,,db9793c1-8b7c-481c-bc77-6d36eb4afb30,54,2022-08-09,,,,,,,,,,,,,
approximately at time,〜ごろ,〜ごろ,,〜頃,NOUN,,3,"{DUO_02_03,DUO_U07}",{time},a39e794c-9682-5cd5-9c5e-dd961aa92bc5,55,2022-04-24,,,,,,,,,,,,,
exactly,ちょうど,ちょうど,,丁度,NOUN,,5,"{DUO_02_02,DUO_U06}",{time},9e67a677-9058-536e-85d6-389ea5138c86,56,2022-04-24,,,,,,,,,,,,,
zero,零,れい,,零,NOUN,,5,"{DUO_02_03,DUO_U07}","{number,time}",252852aa-aefd-504b-b671-668a33020492,57,2022-04-24,,,,,,,,,,,,,
Japan,日本,にほん,,日本,PROPER_NOUN,,3,{GENKI3_L01},"{country,place}",cc6a4913-6f39-521b-a0cf-9631f640800e,58,2022-04-24,,,,,,,,,,,,,
America,アメリカ,あめりか,,,PROPER_NOUN,,4,{GENKI3_L01},"{country,place}",522e0796-297d-5bf2-be85-e93596baa6bf,59,2022-04-24,,,,,,,,,,,,,
...language,〜語,〜ご,,〜語,NOUN,,3,{GENKI3_L01},,a420a37b-593e-572e-aae7-d724eca6803d,60,2022-04-24,,,,,,,,,,,,,
...years old,〜歳,〜さい,,〜歳,SUFFIX,,,{GENKI3_L01},,c59169cb-e5ad-5311-a9ce-43764a5ddda6,61,2022-04-24,,,,,,,,,,,,,
telephone,電話,でんわ,,電話,NOUN,,5,"{DUO_01_04,DUO_U02,GENKI3_L01}",,1731f988-dcfb-5b31-bda9-c8988a5711bf,62,2022-04-24,,,,,,,,,,,,,
number (in a series),〜番,〜ばん,,〜番,NOUN,,3,{GENKI3_L01},,f6524cfb-fa66-56ae-ae4c-0e38a8b6e54c,63,2022-04-24,,,,,,,,,,,,,
number; series of digits,番号,ばんごう,,番号,NOUN,,5,{GENKI3_L01},,d8f98686-282e-5c5f-88b2-4e046e707e54,64,2022-04-24,,,,,,,,,,,,,
name,名前,なまえ,,名前,NOUN,,5,{GENKI3_L01},,728f5a87-3848-5450-a941-f9cd0f898067,65,2022-04-24,,,,,,,,,,,,,
what,何,なに,なん,何,PRONOUN,,5,{GENKI3_L01},,507092ff-6dc3-5749-a9c3-79ba8d2bc360,66,2022-04-24,,,,,,,,,,,,,
um,あのう,あのう,,,EXPRESSION,,5,{GENKI3_L01},,84e857b9-5605-51fb-bfb3-8cc08eb579d3,67,2022-04-24,,,,,,,,,,,,,
yes,はい,はい,,,INTERJECTION,,5,{GENKI3_L01},,dde2be42-c934-53fc-9dc6-3ce12b727924,68,2022-04-24,,,,,,,,,,,,,
no,いいえ,いいえ,,,INTERJECTION,,5,{GENKI3_L01},,0428342a-6b57-5e6f-b1c6-4aa6ccfdb267,69,2022-04-24,,,,,,,,,,,,,
that is so;  that is right,そうです,そうです,,,EXPRESSION,,,{GENKI3_L01},,a48cfff2-551b-5525-bf29-f706571e7e15,70,2022-04-24,,,,,,,,,,,,,
i see; is that so?,そうですか,そうですか,,,EXPRESSION,,,{GENKI3_L01},,311cf3c0-5798-551b-a933-eb33c4ce7843,71,2022-04-24,,,,,,,,,,,,,
England,イギリス,いぎりす,,,PROPER_NOUN,,,{GENKI3_L01},"{country,place}",40483fe8-7fda-56b7-b28b-eedb9da50a52,72,2022-04-24,,,,,,,,,,,,,
Australia,オーストラリア,おおすとらりあ,,,PROPER_NOUN,,,{GENKI3_L01},"{country,place}",2a0ff39c-471b-56d1-a2b2-39f20596f70c,73,2022-04-24,,,,,,,,,,,,,
Korea,韓国,かんこく,,韓国,PROPER_NOUN,,,{GENKI3_L01},"{country,place}",5cb08712-5c04-56f0-aaf6-a8e76a1e0ef4,74,2022-04-24,,,,,,,,,,,,,
Canada,カナダ,かなだ,,,PROPER_NOUN,,,{GENKI3_L01},"{country,place}",b4a146e5-f483-50d5-8b18-ca71fdb3f570,75,2022-04-24,,,,,,,,,,,,,
China,中国,ちゅうごく,,中国,PROPER_NOUN,,,{GENKI3_L01},"{country,place}",54ca6cf2-c9f0-5a77-b53c-8e4a2fbe76ac,76,2022-04-24,,,,,,,,,,,,,
India,インド,いんど,,,PROPER_NOUN,,,{GENKI3_L01},"{country,place}",f3f3ba33-de3b-5fa1-9b99-eee62ae2e024,77,2022-04-24,,,,,,,,,,,,,
Egypt,エジプト,いじぷと,,,PROPER_NOUN,,,{GENKI3_L01},"{country,place}",eb20360e-5c1a-58b8-9bf8-040795c5bf0a,78,2022-04-24,,,,,,,,,,,,,
Philipines,フィリビン,ふぃりぴん,,,PROPER_NOUN,,,{GENKI3_L01},"{country,place}",ae144a7c-293f-5f24-81ee-37d5594d6aed,79,2022-04-24,,,,,,,,,,,,,
Asian Studies,アジア研究,あじあけんきゅう,,アジア研究,NOUN,,,{GENKI3_L01},{school_major},abd1e50d-f284-5a21-831f-344cb338414e,80,2022-04-24,,,,,,,,,,,,,
economics,経済,けいざい,,経済,NOUN,,4,{GENKI3_L01},{school_major},13912d04-d947-5c72-a192-740c19a28c86,81,2022-04-24,,,,,,,,,,,,,
engineering,工学,こうがく,,工学,NOUN,,1,{GENKI3_L01},{school_major},7672ef18-d91f-548f-a938-970d6a741586,82,2022-04-24,,,,,,,,,,,,,
international relations,国際関係,こくさいかんけい,,国際関係,NOUN,,,{GENKI3_L01},{school_major},471eeab4-7852-53f9-ba6c-342f13746958,83,2022-04-24,,,,,,,,,,,,,
computer; computer science,コンピューター,こんぴゅうたあ,,,NOUN,,4,{GENKI3_L01},{school_major},9e62feab-62dc-5faf-92d9-8cd423af7dab,84,2022-04-24,,,,,,,,,,,,,
politics; government,政治,せいじ,,政治,NOUN,,4,{GENKI3_L01},{school_major},15b8fb86-6025-524c-a968-0d8e442c0d8e,85,2022-04-24,,,,,,,,,,,,,
biology,生物学,せいぶつがく,,生物学,NOUN,,,{GENKI3_L01},{school_major},ee82d23f-991e-59ba-9646-d407d35b46ae,86,2022-04-24,,,,,,,,,,,,,
business,ビジネス,びじねす,,,NOUN,,1,{GENKI3_L01},{school_major},a74f0164-da3d-59dc-bbd0-39cf065ee813,87,2022-04-24,,,,,,,,,,,,,
literature,文学,ぶんがく,,文学,NOUN,,4,{GENKI3_L01},{school_major},f41b3958-7c0c-5c05-9ea8-d0099b014f0c,88,2022-04-24,,,,,,,,,,,,,
history,歴史,れきし,,歴史,NOUN,,4,{GENKI3_L01},{school_major},0d91d253-e394-572c-a6c4-37e20ed0f603,89,2022-04-24,,,,,,,,,,,,,
physics,物理,ぶつり,,物理,NOUN,,3,{GENKI3_L01},{school_major},a9d318d5-97e8-5990-916c-fd300d951e2c,90,2022-04-24,,,,,,,,,,,,,
doctor,医者,いしゃ,,医者,NOUN,,5,{GENKI3_L01},{occupation},45983eaf-745d-5a47-bd34-aa09444736a4,91,2022-04-24,,,,,,,,,,,,,
office worker,会社員,かいしゃいん,,会社員,NOUN,,,"{GENKI3_L01,GENKI3_L08}",{occupation},b01b2de0-f80a-587a-99bb-8e7e2157feec,92,2022-04-24,,,,,,,,,,,,,
nurse,看護師,かんごし,,看護師,NOUN,,4,{GENKI3_L01},{occupation},a2bb0866-9ce3-5b9a-bc60-49b48a40e40f,93,2022-04-24,,,,,,,,,,,,,
high school student,高校生,こうこうせい,,高校生,NOUN,,4,{GENKI3_L01},"{occupation,school}",c511ec54-4f00-5426-89ef-ee1558ccfb60,94,2022-04-24,,,,,,,,,,,,,
housewife,主婦,しゅふ,,主婦,NOUN,,3,{GENKI3_L01},{occupation},7d3f6d4b-fd98-5a19-ba56-b7c707092305,95,2022-04-24,,,,,,,,,,,,,
graduate student,大学院生,だいがくいんせい,,大学院生,NOUN,,,{GENKI3_L01},"{occupation,school}",98e48ea2-8566-55a1-bfb8-d5aaf1a060d0,96,2022-04-24,,,,,,,,,,,,,
lawyer,弁護士,べんごし,,弁護士,NOUN,,,{GENKI3_L01},{occupation},902b7ccb-091c-502b-a413-5a3a38c655a4,97,2022-04-24,,,,,,,,,,,,,
mother,お母さん,おかあさん,,お母さん,NOUN,,5,{GENKI3_L01},{family},f8d03abe-255a-5717-811a-91f511c39759,98,2022-04-24,,,,,,,,,,,,,
father,お父さん,おとうさん,,お父さん,NOUN,,5,"{DUO_02_07,DUO_U09,GENKI3_L01}",{family},d7a063c8-998c-50a3-825c-86f896a5a0c7,99,2022-04-24,,,,,,,,,,,,,
older sister,お姉さん,おねえさん,,お姉さん,NOUN,,5,"{DUO_02_07,DUO_U09,GENKI3_L01,GENKI3_L07}",{family},e09e6607-0754-53e7-ac90-7d5eec6a3442,100,2022-04-24,,,,,,,,,,,,,
older brother,お兄さん,おにいさん,,お兄さん,NOUN,,5,"{DUO_02_07,DUO_U09,GENKI3_L01,GENKI3_L07}",{family},942ce296-4fdd-5a7d-9c2c-53d4c2ae2de7,101,2022-04-24,,,,,,,,,,,,,
younger sister,妹,いもうと,,妹,NOUN,,5,"{DUO_02_07,DUO_U09,GENKI3_L01,GENKI3_L07}",{family},d4387364-3f1c-51be-9762-ddf41f844fb7,102,2022-04-24,,,,,,,,,,,,,
younger brother,弟,おとうと,,弟,NOUN,,5,"{DUO_02_07,DUO_U09,GENKI3_L01,GENKI3_L07}",{family},acc5e753-294b-571f-9ee7-a7cd6eeea235,103,2022-04-24,,,,,,,,,,,,,
sisters,姉妹,しまい,,姉妹,NOUN,,3,"{DUO_02_07,DUO_U09}",{family},dc17e988-29c0-4adf-8ae2-b9c763a53811,104,2022-08-08,,,,,,,,,,,,,
brothers; siblings,兄弟,きょうだい,,兄弟,NOUN,,5,"{DUO_02_07,DUO_U09,GENKI3_L07}",{family},39d87517-fc60-4158-83ee-97a62168dfb3,105,2022-08-08,,,,,,,,,,,,,
this one,これ,これ,,,PRONOUN,,5,"{DUO_02_01,DUO_U06,GENKI3_L02}",{pointing_word},58ecba76-692b-5baf-a096-62bf3e752da2,106,2022-05-30,,,,,,,,,,,,,
that one,それ,それ,,,PRONOUN,,5,"{DUO_02_01,DUO_U06,GENKI3_L02}",{pointing_word},8373ee97-fb02-5fa4-9f3a-e6d0bfe42042,107,2022-05-30,,,,,,,,,,,,,
that one over there,あれ,あれ,,,PRONOUN,,5,"{DUO_02_01,DUO_U06,GENKI3_L02}",{pointing_word},e3286acb-a31b-5fb6-9c16-28ac16fcc269,108,2022-05-30,,,,,,,,,,,,,
which one,どれ,どれ,,,PRONOUN,,5,"{DUO_02_01,DUO_U06,GENKI3_L02}",{pointing_word},9ef8e062-db86-5059-82be-ccc85580d5e7,109,2022-05-30,,,,,,,,,,,,,
this...,この〜,この,,,PRONOUN,,5,{GENKI3_L02},{pointing_word},430b4ea9-6092-52c7-b2bf-4300de6196c7,110,2022-05-30,,,,,,,,,,,,,
that...,その〜,その,,,PRONOUN,,5,{GENKI3_L02},{pointing_word},9d9f54be-2a19-5147-8935-e7c3c887fa03,111,2022-05-30,,,,,,,,,,,,,
that... over there,あの〜,あの,,,PRONOUN,,5,{GENKI3_L02},{pointing_word},908efe1a-b6e9-55d5-b550-461cea175af4,112,2022-05-30,,,,,,,,,,,,,
which....,どの〜,どの,,,PRONOUN,,5,{GENKI3_L02},{pointing_word},a9b7cffc-2d14-58ae-818b-3ac3b6e6e4d0,113,2022-05-30,,,,,,,,,,,,,
here,ここ,ここ,,,PRONOUN,,5,{GENKI3_L02},{pointing_word},9c591bfa-c4a7-5263-b2b1-7c8d14e10c34,114,2022-05-30,,,,,,,,,,,,,
there,そこ,そこ,,,PRONOUN,,5,{GENKI3_L02},{pointing_word},0279527b-c398-5856-aad3-11b834907f56,115,2022-05-30,,,,,,,,,,,,,
over there,あそこ,あそこ,,,PRONOUN,,5,{GENKI3_L02},{pointing_word},5587745e-e524-5159-8fe6-1e8637b90455,116,2022-05-30,,,,,,,,,,,,,
where,どこ,どこ,,,PRONOUN,,5,{GENKI3_L02},{pointing_word},1502a2cb-059c-5a9f-baab-af68a0d09ac8,117,2022-05-30,,,,,,,,,,,,,
who,誰,だれ,,誰,PRONOUN,,5,"{DUO_02_07,DUO_U09,GENKI3_L02}",{pointing_word},93eaf294-a292-5980-b17e-de43755335c9,118,2022-05-30,,,,,,,,,,,,,
delicious,おいしい,おいしい,,美味しい,ADJECTIVE,I_ADJECTIVE,5,{GENKI3_L02},{food},f5fce96d-2982-5d7a-b7ce-9dc8914c6ab3,119,2022-05-30,,おいしい,おいしかった,,おいしくない,おいしくなかった,,,,,,,
skillful; delicious! (slang),うまい,うまい,,上手い,ADJECTIVE,I_ADJECTIVE,,,"{food,slang}",10a5183d-9b5d-58c7-885f-0210e56c1dca,120,2022-05-30,,,,,,,,,,,,,
skillful; proficient; adept,上手,じょうず,,上手,ADJECTIVE,NA_ADJECTIVE,5,{LULI_KANJI_L01},,432e16e3-a00f-5af7-a67a-e75a5451933e,121,2022-09-06,,,,,,,,,,,,,
unskillful; awkward,下手,へた,,下手,ADJECTIVE,NA_ADJECTIVE,5,{LULI_KANJI_L01},,70003bab-5f71-537a-a19f-10a36b67cbdc,122,2022-09-07,,,,,,,,,,,,,
fish,魚,さかな,,魚,NOUN,,5,"{DUO_02_01,DUO_U06}",{food},f7aa023d-a413-562b-bf45-75367462a4b2,123,2022-05-30,,,,,,,,,,,,,
pork cutlet,とんかつ,とんかつ,,豚カツ,NOUN,,,{GENKI3_L02},{food},81b8f353-cd1c-53e4-a0f4-1630c490c959,124,2022-05-30,,,,,,,,,,,,,
pork bone (e.g. ramen broth),豚骨,とんこつ,,豚骨,NOUN,,,{GENKI3_L02},{food},e2c0e2f3-891a-55e3-ad28-285669d27287,125,2022-05-30,,,,,,,,,,,,,
meat,肉,肉,,肉,NOUN,,5,"{DUO_02_01,DUO_U06,GENKI3_L02}",{food},2dd4acb2-11ca-50c5-b365-c22616ea316d,126,2022-05-30,,,,,,,,,,,,,
menu,メニュー,めにゅう,,,NOUN,,2,{GENKI3_L02},{food},3ab19c55-4c6a-53e0-afce-41968363d92a,127,2022-05-30,,,,,,,,,,,,,
vegetables,野菜,やさい,,野菜,NOUN,,5,"{DUO_02_01,DUO_U06,GENKI3_L02}",{food},496222cc-1cb3-50c8-9e7e-bbc7d327b78c,128,2022-05-30,,,,,,,,,,,,,
rice; meal,ご飯,ごはん,,ご飯,NOUN,,5,"{DUO_02_01,DUO_U06,GENKI3_L04}",{food},4fbc0a01-e32a-5449-8efe-3ae37aee4f2f,129,2022-05-30,,,,,,,,,,,,,
bread,パン,ぱん,,,NOUN,,5,"{DUO_02_01,DUO_U06,GENKI3_L04}",{food},b74ca7fa-4622-5a52-b9df-5260878e687b,130,2022-05-30,,,,,,,,,,,,,
egg,卵,たまご,,卵,NOUN,,5,"{DUO_02_06,DUO_U08}",{food},5e2b2d0d-7461-56e2-a151-9a10375d5615,131,2022-05-30,,,,,,,,,,,,,
apple,りんご,りんご,,林檎,NOUN,,,"{DUO_02_06,DUO_U08}",{food},12c11165-7996-5b13-bf19-c3afc419afb2,132,2022-05-30,,,,,,,,,,,,,
pear,なし,なし,,梨,NOUN,,,,{food},7b7d934a-cfd6-4286-9175-dfe7676b4355,133,2022-08-09,,,,,,,,,,,,,
peach,桃,もも,,桃,NOUN,,,,{food},6c124141-b31a-5d91-afcb-6a4bb127f31f,134,2022-08-29,,,,,,,,,,,,,
counter for hito-futa-mi system,〜つ,〜つ,,〜箇,COUNTER,,,"{DUO_02_06,DUO_U08}",,1cf2249c-7785-424d-9a67-1c3ff6253938,135,2022-05-30,,,,,,,,,,,,,
counter for round and clustered items,〜個,〜こ,,〜個,COUNTER,,,"{DUO_02_06,DUO_U08}",,cab23f18-7b88-4262-956c-d31a0e829cbf,136,2022-05-30,,,,,,,,,,,,,
umbrella,傘,かさ,,傘,NOUN,,5,{GENKI3_L02},{things},b1852be8-7a0e-5541-b94d-29be625cb423,137,2022-05-30,,,,,,,,,,,,,
bag,かばん,かばん,,鞄,NOUN,,5,{GENKI3_L02},{things},b5d661b7-f275-5647-a86b-cf4bd963f512,138,2022-05-30,,,,,,,,,,,,,
shoes,靴,くつ,,靴,NOUN,,5,{GENKI3_L02},{things},96fb26f0-20df-51e0-b1c4-793ab736c2d9,139,2022-05-30,,,,,,,,,,,,,
wallet,財布,さいふ,,財布,NOUN,,5,{GENKI3_L02},{things},b802b5a4-5804-5f5a-a193-e475bceaf5dd,140,2022-05-30,,,,,,,,,,,,,
jeans,ジーンズ,ジいんず,,,NOUN,,3,{GENKI3_L02},{things},bf5e0762-effe-5d38-8786-503cde98e504,141,2022-05-30,,,,,,,,,,,,,
bicycle,自転車,じてんしゃ,,自転車,NOUN,,5,{GENKI3_L02},"{things,transportation}",04bddd51-0749-5efe-9946-6d326f61bcb6,142,2022-05-30,,,,,,,,,,,,,
newspaper,新聞,しんぶん,,新聞,NOUN,,5,{GENKI3_L02},{things},f8a3e40d-f42e-5ba2-995d-3abc33e63a41,143,2022-05-30,,,,,,,,,,,,,
smart phone,スマホ,スマホ,,,NOUN,,,{GENKI3_L02},{things},e7323b54-9fa5-5cb7-8d68-d2ebe9b379ea,144,2022-05-30,,,,,,,,,,,,,
t-shirt,Ｔシャツ,ていいしゃつ,,,NOUN,,,{GENKI3_L02},{things},1a0585e5-3bd0-5903-90cc-d3381778da68,145,2022-05-30,,,,,,,,,,,,,
clock,時計,とけい,,時計,NOUN,,5,{GENKI3_L02},{things},1c5e45ac-cc4a-5d53-b566-d6d832828ba0,146,2022-05-30,,,,,,,,,,,,,
notebook,ノート,のおと,,,NOUN,,5,{GENKI3_L02},{things},612eac67-3ec3-535e-94a3-249d60f51046,147,2022-05-30,,,,,,,,,,,,,
pen,ペン,ぺん,,,NOUN,,5,{GENKI3_L02},{things},442d1c8e-a848-5fa4-8fc9-d398441b4b65,148,2022-05-30,,,,,,,,,,,,,
hat; cap,帽子,ぼうし,,帽子,NOUN,,5,{GENKI3_L02},{things},5f6cc5c3-6625-5caa-9277-f43493360fc2,149,2022-05-30,,,,,,,,,,,,,
book,本,ほん,,本,NOUN,,5,{GENKI3_L02},{things},6d055f49-622a-5d8a-a7d2-11de3279b9ce,150,2022-05-30,,,,,,,,,,,,,
bank,銀行,ぎんこう,,銀行,NOUN,,5,"{DUO_01_04,DUO_U02,GENKI3_L02}",{place},3a52dad1-de68-523b-b6ad-3148496bcf8e,151,2022-05-30,,,,,,,,,,,,,
convenience store,コンビニ,こんびに,,,NOUN,,,{GENKI3_L02},{place},6c108fe0-b52d-56de-96f2-f8e0bf450367,152,2022-05-30,,,,,,,,,,,,,
toilet; restroom,トイレ,トイレ,,,NOUN,,5,{GENKI3_L02},{place},14edc8de-8ed3-58f5-a083-13a34db6f490,153,2022-05-30,,,,,,,,,,,,,
library,図書館,としょかん,,図書館,NOUN,,5,{GENKI3_L02},{place},dd52de46-6d78-5bc3-96ab-b25e9be9e291,154,2022-05-30,,,,,,,,,,,,,
post office,郵便局,ゆうびんきょく,,郵便局,NOUN,,5,{GENKI3_L02},{place},89b553be-905d-57aa-946c-86dc9f366aa2,155,2022-05-30,,,,,,,,,,,,,
how much,いくら,いくら,,幾ら,ADVERB,,5,{GENKI3_L02},{money},f7d4fade-03e1-53e3-94c0-24034e6a9e08,156,2022-05-30,,,,,,,,,,,,,
...yen,〜円,〜えん,,〜円,NOUN,,3,{GENKI3_L02},{money},fbae6594-96c7-53f0-a80b-bd325d5a22ff,157,2022-05-30,,,,,,,,,,,,,
expensive; high,高い,たかい,,高い,ADJECTIVE,I_ADJECTIVE,5,{GENKI3_L02},{money},dcb08e4f-eb7c-5536-bd57-ee51127a14be,158,2022-05-30,,高い,高かった,,高くない,高くなかった,,,,,,,
welcome,いらっしゃいませ,いらっしゃいませ,,,EXPRESSION,,,{GENKI3_L02},,1cee44df-fc33-5279-8d09-5051e714782f,159,2022-05-30,,,,,,,,,,,,,
...please,〜お願いします,〜おねがいします,,〜お願いします,EXPRESSION,,2,{GENKI3_L02},,845d24c6-6c7c-50f4-8dd7-450485839fa5,160,2022-05-30,,,,,,,,,,,,,
please give me...,〜ください,〜ください,,〜下さい,EXPRESSION,,5,"{DUO_02_01,DUO_U06,GENKI3_L02}",,fc6be215-8cf3-55b8-8a6b-0dd345852963,161,2022-05-30,,,,,,,,,,,,,
then...; if that is the case...,じゃあ,じゃあ,,,EXPRESSION,,5,{GENKI3_L02},,3bb29baa-6e40-5c58-93cd-2000ea1120eb,162,2022-05-30,,,,,,,,,,,,,
here it is; please go ahead; i beg of you,どうぞ,どうぞ,,,EXPRESSION,,5,{GENKI3_L02},,8dc54b41-91cb-5289-bb0b-5f4a5854fea7,163,2022-05-30,,,,,,,,,,,,,
thanks (casual),どうも,どうも,,,EXPRESSION,,5,{GENKI3_L02},,5891a34d-ba0a-5458-b42e-f82c60d27f9f,164,2022-05-30,,,,,,,,,,,,,
zero; 0,ゼロ,ゼロ,,,NOUN,,,{GENKI3_L02},{number},48b8587c-d363-5b54-94d9-c9e5dfff2412,165,2022-05-30,,,,,,,,,,,,,
one,一,いち,,一,NOUN,,5,{GENKI3_L02},{number},c007b505-323f-5517-8353-ed093d1571de,166,2022-05-30,,,,,,,,,,,,,
two,二,に,,二,NOUN,,5,{GENKI3_L02},{number},8873834d-7358-505d-a93b-7782dbd00024,167,2022-05-30,,,,,,,,,,,,,
three,三,さん,,三,NOUN,,5,{GENKI3_L02},{number},0f9e7c25-4cfa-5186-a893-0f59b7e34745,168,2022-05-30,,,,,,,,,,,,,
four,四,よん,し,四,NOUN,,5,{GENKI3_L02},{number},59d58d35-f0f2-5535-8404-8cb786e2c830,169,2022-05-30,,,,,,,,,,,,,
five,五,ご,,五,NOUN,,5,{GENKI3_L02},{number},82339058-2123-58a8-93dc-b1c0b05cdae8,170,2022-05-30,,,,,,,,,,,,,
six,六,六,,六,NOUN,,5,{GENKI3_L02},{number},e469a7d8-cfad-5a85-ba5c-cb1d0c8ca1b0,171,2022-05-30,,,,,,,,,,,,,
seven,七,なな,しち,七,NOUN,,5,{GENKI3_L02},{number},49ab0509-4a86-552d-975b-fc49e74790d4,172,2022-05-30,,,,,,,,,,,,,
eight,八,はち,,八,NOUN,,5,{GENKI3_L02},{number},6d9b3812-644e-5890-94cc-09a2fd01a30a,173,2022-05-30,,,,,,,,,,,,,
nine,九,きゅう,,九,NOUN,,5,{GENKI3_L02},{number},aaf16bcd-1ecc-5f72-97a6-497825719aba,174,2022-05-30,,,,,,,,,,,,,
ten,十,じゅう,,十,NOUN,,5,{GENKI3_L02},{number},e05ed6a4-edcb-5052-9760-1e10c70c2236,175,2022-05-30,,,,,,,,,,,,,
hundred,百,ひゃく,,百,NOUN,,5,{GENKI3_L03},{number},0f06fb63-c508-57a2-8983-2cb9f5dfd2e7,176,2022-07-24,,,,,,,,,,,,,
thousand,千,せん,,千,NOUN,,5,{GENKI3_L03},{number},662aaf34-2fd3-5ab7-ad40-ee6e4862fc2c,177,2022-07-24,,,,,,,,,,,,,
ten-thousand,万,まん,,万,NOUN,,5,{GENKI3_L03},{number},06eedaf7-2c40-54e4-a1ea-669b265fda8d,178,2022-07-24,,,,,,,,,,,,,
movie,映画,えいが,,映画,NOUN,,5,{GENKI3_L03},{entertainment},b82fa253-fbb7-559c-b127-77d2262df800,179,2022-07-24,,,,,,,,,,,,,
music,音楽,おんがく,,音楽,NOUN,,5,{GENKI3_L03},{entertainment},aa05a718-c2a5-5083-9c3d-b0e4d1bd09a8,180,2022-07-24,,,,,,,,,,,,,
magazine,雑誌,ざっし,,雑誌,NOUN,,5,{GENKI3_L03},{entertainment},3bef2c81-886b-5bbd-9f1b-dfc94288bea2,181,2022-07-24,,,,,,,,,,,,,
sports,スポーツ,すぽおつ,,,NOUN,,5,{GENKI3_L03},{entertainment},bbf5a302-a23c-5142-b721-2aa90ff1e8dc,182,2022-07-24,,,,,,,,,,,,,
date (romantic),デート,でえと,,,NOUN,,3,{GENKI3_L03},{entertainment},738002f3-36da-5668-8a8b-46415de8cd52,183,2022-07-24,,,,,,,,,,,,,
tennis,テニス,てにす,,,NOUN,,4,{GENKI3_L03},{entertainment},8f790b97-9843-5efe-b338-e1c37618c616,184,2022-07-24,,,,,,,,,,,,,
TV,テレビ,てれび,,,NOUN,,5,{GENKI3_L03},{entertainment},5ca8a07b-ac34-5789-ab4a-8bd29d51929c,185,2022-07-24,,,,,,,,,,,,,
ice cream,アイスクリーム,あいすくりいむ,,,NOUN,,3,{GENKI3_L03},{food},b3e732b3-61c4-574d-8901-b1c74076b5ea,186,2022-07-24,,,,,,,,,,,,,
hamburger,ハンバーガー,はんばあがあ,,,NOUN,,,{GENKI3_L03},{food},720a22a5-3132-56e6-8380-03a20e2a4af1,187,2022-07-24,,,,,,,,,,,,,
sake; alcohol,お酒,おさけ,,お酒,NOUN,,5,"{DUO_01_02,DUO_U01,GENKI3_L03}",{food},dbf81e7a-c846-5129-b017-a31ad90eb752,188,2022-07-24,,,,,,,,,,,,,
green tea,お茶,おちゃ,,お茶,NOUN,,5,"{DUO_01_04,DUO_U02,GENKI3_L03}",{food},4b6153f0-1c2e-5330-94dc-e71afa17d386,189,2022-07-24,,,,,,,,,,,,,
coffee,コーヒー,こおひい,,,NOUN,,5,{GENKI3_L03},{food},c675acf7-4ab1-5a0a-beb3-e65aff83932a,190,2022-07-24,,,,,,,,,,,,,
water; cold water,水,みず,,水,NOUN,,5,{GENKI3_L03},"{food,water}",ff69f94e-49fa-5015-a8e8-6bdab429f087,191,2022-07-24,,,,,,,,,,,,,
breakfast,朝ご飯,あさごはん,,朝ご飯,NOUN,,5,{GENKI3_L03},{food},455c3d21-e4c5-5cae-a4b1-2f4a0b988e50,192,2022-07-24,,,,,,,,,,,,,
lunch,昼ご飯,ひるごはん,,昼ご飯,NOUN,,5,{GENKI3_L03},{food},43903683-a322-530c-88e1-a1c406296be6,193,2022-07-24,,,,,,,,,,,,,
dinner,晩御飯,ばんごはん,,晩御飯,NOUN,,5,{GENKI3_L03},{food},4e1fc6f4-772d-5a1f-8391-5453bcbf4817,194,2022-07-24,,,,,,,,,,,,,
home; house,家,いえ,,家,NOUN,,5,"{DUO_02_04,DUO_U07,GENKI3_L03}",{place},e6aa13b6-6f6a-57db-8433-701ba55fa918,195,2022-07-24,,,,,,,,,,,,,
my place,うち,うち,,,NOUN,,,{GENKI3_L03},{place},522046f3-2cfa-565e-a8d5-15f048b49776,196,2022-07-24,,,,,,,,,,,,,
cafe,カフェ,かふぇ,,,NOUN,,,{GENKI3_L03},{place},c5ebd7d9-06b2-596e-96f5-7366810ea78c,197,2022-07-24,,,,,,,,,,,,,
"datyime; noon, middday",昼,ひる,,昼,NOUN,,5,"{DUO_01_03,DUO_U02}",{time},31496757-bfb5-571a-af27-27f055912c92,198,2022-08-12,,,,,,,,,,,,,
evening,晩,ばん,,晩,NOUN,,5,,{time},fa96658e-3cc1-5c40-8c89-f68088f73e5d,199,2022-08-28,,,,,,,,,,,,,
night,夜,よる,,夜,NOUN,,5,"{DUO_01_02,DUO_U01,GENKI3_L06}",{time},c0e2e0ee-6d57-53c2-a654-7d23db9d1709,200,2022-08-12,,,,,,,,,,,,,
tomorrow,明日,あした,,明日,NOUN,,5,{GENKI3_L03},{time},3972d239-6e9a-5163-bf43-c4a2b81783db,201,2022-07-24,,,,,,,,,,,,,
today,今日,きょう,,今日,NOUN,,5,{GENKI3_L03},{time},a4dbf3ac-a372-58a7-b9ac-a7f018ba587c,202,2022-07-24,,,,,,,,,,,,,
morning,朝,あさ,,朝,NOUN,,5,{GENKI3_L03},{time},b415c8ff-d8fb-5e40-9a89-ed5fa1997831,203,2022-07-24,,,,,,,,,,,,,
this evening; tonight,今晩,こんばん,,今晩,NOUN,,5,{GENKI3_L03},{time},e872c853-3159-56b7-834e-066e364a5782,204,2022-07-24,,,,,,,,,,,,,
every day,毎日,まいにち,,毎日,NOUN,,5,{GENKI3_L03},{time},7ec8469c-ee0f-5a33-9f9f-e025e6cffdd0,205,2022-07-24,,,,,,,,,,,,,
every morning,毎朝,まいあさ,,毎朝,NOUN,,5,"{DUO_02_03,DUO_U07}",{time},1efcd811-18f8-5b64-be29-9f46fbef3286,206,2022-07-24,,,,,,,,,,,,,
every night,毎晩,まいばん,,毎晩,NOUN,,5,{GENKI3_L03},{time},9e1ccd85-e76b-559b-9c13-ac2202a04849,207,2022-07-24,,,,,,,,,,,,,
weekend,週末,しゅうまつ,,週末,NOUN,,,{GENKI3_L03},{time},788e64aa-46ee-574d-aad9-83c8b56bc40a,208,2022-07-24,,,,,,,,,,,,,
Saturday,土曜日,どようび,,土曜日,NOUN,,5,{GENKI3_L03},{time},f7d20fe3-57b3-5e6d-85f6-5b54b0ba7088,209,2022-07-24,,,,,,,,,,,,,
Sunday,日曜日,にちようび,,日曜日,NOUN,,5,{GENKI3_L03},{time},61637bb4-cc4a-52be-86fa-7fb678ab6e62,210,2022-07-24,,,,,,,,,,,,,
when,いつ,いつ,,,NOUN,,5,{GENKI3_L03},{time},f05e2adf-83c4-5ccf-a74a-fbd5664dceb1,211,2022-07-24,,,,,,,,,,,,,
to go,行く,いく,,行く,VERB,IKU_VERB,5,"{DUO_02_03,DUO_U07,GENKI3_L03}",,50cbf96a-57d3-5f45-b5fc-e415ff57717a,212,2022-07-24,,行く,行った,行って,行かない,行かなかった,行かなくて,行きます,行きました,,行きません,行きませんでした,
to go back; to return,帰る,かえる,,帰る,VERB,GODAN_VERB,5,{GENKI3_L03},,243bdf44-b101-5d5d-bc51-a4f5c1c03bc3,213,2022-07-24,,帰る,帰った,帰って,帰らない,帰らなかった,帰らなくて,帰ります,帰りました,,帰りません,帰りませんでした,
to listen; to hear; to ask,聞く,きく,,聞く,VERB,GODAN_VERB,5,{GENKI3_L03},,27c14160-d0d6-51f8-b7b1-9172cf8b84d2,214,2022-07-24,,聞く,聞いた,聞いて,聞かない,聞かなかった,聞かなくて,聞きます,聞きました,,聞きません,聞きませんでした,
to drink; to swallow,飲む,のむ,,飲む,VERB,GODAN_VERB,5,"{DUO_02_03,DUO_U07,GENKI3_L03}",,b8a9c502-6f50-5d50-96f1-417feef69161,215,2022-07-24,,飲む,飲んだ,飲んで,飲まない,飲まなかった,飲まなくて,飲みます,飲みました,,飲みません,飲みませんでした,
to speak; to talk,話す,はなす,,話す,VERB,GODAN_VERB,5,{GENKI3_L03},,87e72b5b-0332-5b61-b21c-ea8cc6a05c1f,216,2022-07-24,,話す,話した,話して,話さない,話さなかった,話さなくて,話します,話しました,,話しません,話しませんでした,
to read,読む,よむ,,読む,VERB,GODAN_VERB,5,"{DUO_01_02,DUO_U01,GENKI3_L03}",,615aadf7-6900-5c48-814a-d6cc0884ae86,217,2022-07-24,,読む,読んだ,読んで,読まない,読まなかった,読まなくて,読みます,読みました,,読みません,読みませんでした,
to wear,着る,きる,,着る,VERB,ICHIDAN_VERB,5,"{DUO_01_02,DUO_U01,GENKI3_L07}",,184de362-74cc-5125-a9b9-8658bb577f7d,218,2022-08-12,,着る,着た,着て,着ない,着なかった,着なくて,着ます,着ました,,着ません,着ませんでした,
to get up,起きる,おきる,,起きる,VERB,ICHIDAN_VERB,5,"{DUO_02_03,DUO_U07,GENKI3_L03}",,bd0e8ffa-f7cd-5b27-8481-6ecb87512f6c,219,2022-07-24,,起きる,起きた,起きて,起きない,起きなかった,起きなくて,起きます,起きました,,起きません,起きませんでした,
to eat,食べる,たべる,,食べる,VERB,ICHIDAN_VERB,5,"{DUO_02_03,DUO_U07,GENKI3_L03}",,28166f6b-3aba-5230-9bd4-18e1a467bc3f,220,2022-07-24,,食べる,食べた,食べて,食べない,食べなかった,食べなくて,食べます,食べました,,食べません,食べませんでした,
to sleep; to go to sleep,寝る,ねる,,寝る,VERB,ICHIDAN_VERB,5,"{DUO_02_03,DUO_U07,GENKI3_L03}",,45b4593b-f7a0-516e-84c4-68c7a7099243,221,2022-07-24,,寝る,寝た,寝て,寝ない,寝なかった,寝なくて,寝ます,寝ました,,寝ません,寝ませんでした,
to see; to look at; to watch,見る,みる,,見る,VERB,ICHIDAN_VERB,5,{GENKI3_L03},,66e4cf05-72cd-512b-a462-05f4e69906b5,222,2022-07-24,,見る,見た,見て,見ない,見なかった,見なくて,見ます,見ました,,見ません,見ませんでした,
to come,くる,くる,,来る,VERB,KURU_VERB,5,{GENKI3_L03},,10567940-e3bb-5257-b33c-ae9976bfaddd,223,2022-07-24,,くる,きた,きて,こない,こなかった,こなくて,きます,きました,,きません,きませんでした,
to do,する,する,,,VERB,SURU_VERB,5,{GENKI3_L03},,5800b221-4eb5-5331-8c6c-413e2d08c007,224,2022-07-24,,する,した,して,しない,しなかった,しなくて,します,しました,,しません,しませんでした,
to study,勉強する,べんきょうする,,勉強する,VERB,SURU_VERB,5,{GENKI3_L03},,9e9dc42e-df1e-5ace-948a-9dce72caaceb,225,2022-07-24,,,,,,,,,,,,,
yes; umm,ええ,ええ,,,EXPRESSION,,5,{GENKI3_L03},,6e231f76-5724-5b3c-acfc-cdee6e2eb3a6,226,2022-07-24,,,,,,,,,,,,,
good,いい,いい,,,ADJECTIVE,YOI_ADJECTIVE,5,{GENKI3_L03},,349836a3-2523-5f85-a7c1-f85e49c73f27,227,2022-07-24,,いい,よかった,,よくない,よくなかった,,,,,,,
fast; early,早い,はやい,,早い,ADJECTIVE,I_ADJECTIVE,5,{GENKI3_L03},,fc5427a3-a54b-5c04-8b36-a570b8e7a72b,228,2022-07-24,,早い,早かった,,早くない,早くなかった,,,,,,,
not much,あまり,あまり,,,ADVERB,,5,{GENKI3_L03},,311f8bec-e54c-5317-8880-dfd3e39d23a7,229,2022-07-24,,,,,,,,,,,,,
not at all,全然,ぜんぜん,,全然,ADVERB,,3,{GENKI3_L03},,1e68ea18-9d69-5761-a463-510eab20d1d3,230,2022-07-24,,,,,,,,,,,,,
usually,たいてい,たいてい,,大抵,ADVERB,,4,{GENKI3_L03},,818210e0-641a-56f3-9241-7d24504480e2,231,2022-07-24,,,,,,,,,,,,,
a little,ちょっと,ちょっと,,一寸,ADVERB,,5,{GENKI3_L03},,b8b492d0-5612-5ac1-bb4d-15f03e959c89,232,2022-07-24,,,,,,,,,,,,,
sometimes,時々,ときどき,,時々,ADVERB,,5,{GENKI3_L03},,02115b33-cd19-587a-a3f2-446dea254e33,233,2022-07-24,,,,,,,,,,,,,
often; much,よく,よく,,良く,ADVERB,,,{GENKI3_L03},,d7dc5e63-a1ca-58e6-9c31-047e23342953,234,2022-07-24,,,,,,,,,,,,,
that's so; isn't it?,そうですね,そうですね,,,EXPRESSION,,,{GENKI3_L03},,31df08c1-4538-5a5f-aa61-af9e88805bd5,235,2022-07-24,,,,,,,,,,,,,
but,でも,でも,,,CONJUNCTION,,5,{GENKI3_L03},,7d85fe8c-2226-573f-a219-0f2def303b50,236,2022-07-24,,,,,,,,,,,,,
"How about...?, How is...?",どうですか,どうですか,,,EXPRESSION,,,{GENKI3_L03},,4fe504e0-3bf5-5480-98e6-5e626dddc417,237,2022-07-24,,,,,,,,,,,,,
everyone; everybody,みんな,みんな,,皆,NOUN,,5,,,50ec881b-73e0-502b-8316-3d67e8dababb,238,2022-07-24,,,,,,,,,,,,,
i'm okay; no problem,大丈夫,だいじょうぶ,,大丈夫,EXPRESSION,,5,{GENKI3_L05},,f5f775ad-523f-5888-b269-fcb13c1c1051,239,2022-07-24,,,,,,,,,,,,,
I'm okay; no thank you; it's all right,大丈夫です,だいじょうぶです,,大丈夫です,EXPRESSION,,,,,6ae314ed-22ae-5a5f-8e43-c5165e6eb3a1,240,2022-07-24,,,,,,,,,,,,,
little quantity; few,少し,すこし,,少し,ADVERB,,5,,,8640d0ab-1efc-5b18-a49c-564f8e53d65c,241,2022-07-24,,,,,,,,,,,,,
"again, once more; also, too, as well",また,また,,又,ADVERB,,5,,,ecb81156-ea05-44c8-bea0-9e5c199c1c4b,242,2022-08-08,,,,,,,,,,,,,
bye; see you again later,またね,またね,,,INTERJECTION,,,,,820e130a-a772-413e-a754-d1a0021bbcf5,243,2022-08-08,,,,,,,,,,,,,
bye; see you,じゃね,じゃあね,じゃね,,INTERJECTION,,,,,82223749-3af6-4348-b0f0-a0addad0ddf2,244,2022-08-08,,,,,,,,,,,,,
"congratulations, well done, best wishes",おめでとう,おめでとう,,,INTERJECTION,,3,,,f64a8d64-a48c-5f1e-b7f0-e9e805646472,245,2022-08-08,,,,,,,,,,,,,
to persist; to do one's best; to keep at it,頑張る,がんばる,,頑張る,VERB,GODAN_VERB,,,,a8f00f2e-c5dc-58d6-8225-376fbd35544f,246,2022-08-12,,頑張る,頑張った,頑張って,頑張らない,頑張らなかった,頑張らなくて,頑張ります,頑張りました,,頑張りません,頑張りませんでした,
like,好き,すき,,好き,ADJECTIVE,NA_ADJECTIVE,5,"{DUO_01_02,DUO_U01}",,dbecb5a9-82dd-5c17-ba84-c7887cf58ce8,247,2022-08-12,,好きだ,好きだった,,好きじゃない,好きじゃなかった,,,,,,,
thump-thump; to beat fast,ドキドキ,どきどき,,,ADVERB,,2,,,9723a3d5-9c7a-5674-a377-5d5c1220438d,248,2022-08-12,,,,,,,,,,,,,
spring,春,はる,,春,NOUN,,5,,{season},114b67a6-53f1-58a1-bacd-29661af2a808,249,2022-08-12,,,,,,,,,,,,,
summer,夏,なつ,,夏,NOUN,,5,"{DUO_01_02,DUO_U01,GENKI3_L08}",{season},cd1adf28-7497-5c5f-ab0f-ecfaedc6e345,250,2022-08-12,,,,,,,,,,,,,
fall,秋,あき,,秋,NOUN,,5,,{season},580fd4b9-e1ae-5e7b-a257-25f2fa55a899,251,2022-08-12,,,,,,,,,,,,,
winter,冬,ふゆ,,冬,NOUN,,5,"{DUO_01_02,DUO_U01,GENKI3_L08}",{season},f9e87b50-2575-5141-98c9-1d6f96fa0ade,252,2022-08-12,,,,,,,,,,,,,
white,白,しろ,,白,NOUN,,5,"{DUO_01_01,DUO_U01}",{color},300c2bc3-fa11-54b9-a12f-1f663986f8ce,253,2022-08-12,,,,,,,,,,,,,
black,黒,くろ,,黒,NOUN,,5,,{color},48b7e73f-4a0c-56bb-8cd6-bf2ed57ed92c,254,2022-08-12,,,,,,,,,,,,,
red,赤,あか,,赤,NOUN,,5,"{DUO_01_01,DUO_U01}",{color},e65aae18-dc90-5f41-aa96-e40680a12452,255,2022-08-12,,,,,,,,,,,,,
blue,青,あお,,青,NOUN,,5,"{DUO_01_01,DUO_U01}",{color},12290cb0-5c39-5b53-8353-e0404724200b,256,2022-08-12,,,,,,,,,,,,,
yellow,黄色,きいろ,,黄色,NOUN,,5,,{color},b5431148-e71a-55b1-a42f-cbf2f029c146,257,2022-08-12,,,,,,,,,,,,,
orange,オレンジ,おれんじ,,,NOUN,,1,,{color},fd431252-3f59-5b66-b3b2-f078528bbf06,258,2022-08-12,,,,,,,,,,,,,
green,緑,みどり,,緑,NOUN,,5,,{color},dee5b761-7b7a-5723-8e66-8fe9e0b2c2ea,259,2022-08-12,,,,,,,,,,,,,
kitchen,台所,だいどころ,,台所,NOUN,,5,"{DUO_02_04,DUO_U07}",{home},03137815-af09-4ff0-84a7-622d92cf600c,260,2022-05-30,,,,,,,,,,,,,
room,部屋,へや,,部屋,NOUN,,5,"{DUO_02_04,DUO_U07,GENKI3_L05}",{home},f6d9d4a3-811d-4ab1-80e1-8f979c4b483c,261,2022-05-30,,,,,,,,,,,,,
bath(tub),風呂,ふろ,,風呂,NOUN,,5,"{DUO_02_04,DUO_U07}",{home},f31e6384-d4e9-4a67-b12e-e08cddfdba29,262,2022-05-30,,,,,,,,,,,,,
bedroom,寝室,しんしつ,,寝室,NOUN,,,"{DUO_02_04,DUO_U07}",{home},0079d5eb-c8e1-4f3b-9105-51054a2c0b8a,263,2022-05-30,,,,,,,,,,,,,
window,窓,まど,,窓,NOUN,,5,"{DUO_02_04,DUO_U07,GENKI3_L06}",{home},b04ef471-2292-4ca7-a470-4829fb116b8a,264,2022-05-30,,,,,,,,,,,,,
yard; garden,庭,にわ,,庭,NOUN,,5,"{DUO_02_04,DUO_U07}",{home},c08c0aff-7835-4c0a-a560-cd8e627c3a90,265,2022-05-30,,,,,,,,,,,,,
chair,椅子,いす,,椅子,NOUN,,5,"{DUO_02_04,DUO_U07,GENKI3_L04}",{home},9e935991-a6f7-4383-b8a0-9376d7af8298,266,2022-05-30,,,,,,,,,,,,,
sofa,ソファー,そふぁあ,,,NOUN,,3,"{DUO_02_04,DUO_U07}",{home},2f7263b8-e1dd-4c09-94d0-7ad22fe82a5b,267,2022-05-30,,,,,,,,,,,,,
desk,机,つくえ,,机,NOUN,,5,"{DUO_02_04,DUO_U07,GENKI3_L04}",{home},068b1a67-d6a5-4790-a264-febfbccc06c2,268,2022-05-30,,,,,,,,,,,,,
pet,ペット,ペット,,,NOUN,,5,"{DUO_02_04,DUO_U07}",{animal},7361012a-f230-444c-babe-48449c5bc79d,269,2022-05-30,,,,,,,,,,,,,
dog,犬,いぬ,,犬,NOUN,,5,"{DUO_02_04,DUO_U07,GENKI3_L04}",{animal},f9f3b546-f023-4b35-9db2-068f8143c41e,270,2022-05-30,,,,,,,,,,,,,
cat,猫,ねこ,,猫,NOUN,,5,"{DUO_02_04,DUO_U07,GENKI3_L04}",{animal},5399ca2c-f192-40b6-9b69-28dc1de577c8,271,2022-05-30,,,,,,,,,,,,,
bird,鳥,とり,,鳥,NOUN,,5,"{DUO_02_04,DUO_U07}",{animal},f5b2d28f-d519-4138-a9d0-5c99b82d09af,272,2022-05-30,,,,,,,,,,,,,
puppy,子犬,こいぬ,,子犬,NOUN,,,"{DUO_02_04,DUO_U07}",{animal},9704386f-fba7-4008-b079-fc541fb9c0dc,273,2022-05-30,,,,,,,,,,,,,
kitten,子猫,こねこ,,子猫,NOUN,,,"{DUO_02_04,DUO_U07}",{animal},63a5b1e8-d69e-4f78-9fa1-f6ed248b872b,274,2022-05-30,,,,,,,,,,,,,
rabbit,うさぎ,うさぎ,,兎,NOUN,,3,,{animal},2541eb3b-87ad-5c3c-8450-a62f59071835,275,2022-08-12,,,,,,,,,,,,,
fox,狐,きつね,,狐,NOUN,,,,{animal},5c312431-d91a-5f48-8325-6af1228e5478,276,2022-09-02,,,,,,,,,,,,,
racoon dog,狸,たぬき,,狸,NOUN,,,,{animal},3ab6c13d-cea6-51c9-8cc8-727dfb4074c0,277,2022-09-02,,,,,,,,,,,,,
"counter for birds, rabbits, etc",〜羽,〜わ,,〜羽,COUNTER,,3,"{DUO_02_04,DUO_U07}",{animal},93849573-7b32-4df3-a3b9-a15fb7555627,278,2022-05-30,,,,,,,,,,,,,
"she, her",彼女,かのじょ,,彼女,PRONOUN,,4,"{DUO_02_07,DUO_U09}",,6432ab47-a4a0-487f-89ad-b37fce084c74,279,2022-08-08,,,,,,,,,,,,,
"him, he",彼,かれ,,彼,PRONOUN,,4,"{DUO_02_07,DUO_U09}",,794880bc-1fa2-4fb8-9fa0-bd04c175bbee,280,2022-08-08,,,,,,,,,,,,,
"they, them",彼ら,かれら,,彼ら,PRONOUN,,3,"{DUO_02_07,DUO_U09}",,46260a68-5466-4f70-9b0b-968d8143848f,281,2022-08-08,,,,,,,,,,,,,
"...plural (person, animal)",〜たち,たち,,〜達,SUFFIX,,,"{DUO_02_07,DUO_U09}",,7592b181-b6f1-41f0-b618-4ae67ab38b21,282,2022-08-08,,,,,,,,,,,,,
"I (male, casual)",僕,ぼく,,僕,PRONOUN,,4,"{DUO_02_07,DUO_U09}",,bd6d533d-c173-49c5-95c7-85fe90dd38a6,283,2022-08-08,,,,,,,,,,,,,
"I (femaie, casual)",あたし,あたし,,,PRONOUN,,1,{GENKI3_L05},,f6c1721c-c476-5815-8e77-f666aab0b5d7,284,2022-09-07,,,,,,,,,,,,,
we (male casual),僕ら,ぼくら,,僕ら,PRONOUN,,,,,e2a94266-387e-5b7d-8fb2-fe52967f09a8,285,2022-09-17,,,,,,,,,,,,,
we (casual),私たち,わたしたち,,私たち,PRONOUN,,,,,d76d62e1-99d0-5dc4-b8c5-4060a40be4e4,286,2022-09-17,,,,,,,,,,,,,
"we (formal, written)",我々,われわれ,,我々,PRONOUN,,3,,,cb3a6f64-b0e8-5736-aae1-9088a0af6eb1,287,2022-09-17,,,,,,,,,,,,,
mountain,山,やま,,山,NOUN,,5,{LULI_KANJI_L01},,2037e05e-e3cc-56d5-b966-458046cfb035,288,2022-08-12,,,,,,,,,,,,,
river,川,かわ,,川,NOUN,,5,{LULI_KANJI_L01},,963e3282-5c51-588f-9dac-d5226e182f10,289,2022-08-12,,,,,,,,,,,,,
flame (blaze); flame (of passion),炎,ほのお,ほむら,炎,NOUN,,3,,,2e1d445c-bc7c-558d-9eb4-c97cdb6f5898,290,2022-08-12,,,,,,,,,,,,,
fire,火,ひ,,火,NOUN,,3,{LULI_KANJI_L01},,047bba20-3388-59ec-b67c-97aeb0d3c257,291,2022-08-12,,,,,,,,,,,,,
man; male,男,おとこ,,男,NOUN,,,{LULI_KANJI_L01},,9a991eae-f1be-5494-a018-23249ea18b15,292,2022-08-12,,,,,,,,,,,,,
woman; female,女,おんあ,,女,NOUN,,,{LULI_KANJI_L01},,d74412ce-8367-5c45-919d-4d992829de66,293,2022-08-12,,,,,,,,,,,,,
child; kid,〜子,〜こ,,〜子,SUFFIX,,4,{LULI_KANJI_L01},,865bd41e-4912-5b3b-97e2-d7bb548ebc54,294,2022-08-15,,,,,,,,,,,,,
"confections, sweets, candy, cake",お菓子,おかし,,お菓子,NOUN,,5,,,6e4a003e-4cc6-5fb4-bd16-99b201631b2b,295,2022-08-15,,,,,,,,,,,,,
(hard) candy,飴,あめ,,飴,NOUN,,5,,,6437fff2-42a0-5909-9bf4-68dd05303d0f,296,2022-08-15,,,,,,,,,,,,,
rain,雨,あめ,,雨,NOUN,,5,"{GENKI3_L08,LULI_KANJI_L01}",{weather},38a615c6-b9b1-5a56-8df9-f32d3423f0e2,297,2022-08-15,,,,,,,,,,,,,
sky (physical),空,そら,,空,NOUN,,5,{LULI_KANJI_L01},{weather},a29a3d3c-77a8-51db-98a4-020a58c0c9fa,298,2022-08-15,,,,,,,,,,,,,
heavans; sky (spiritual),天,てん,,天,NOUN,,5,{LULI_KANJI_L01},{weather},ccb7a98d-7140-5e41-ac65-a7116f9f96f3,299,2022-08-15,,,,,,,,,,,,,
soil; earth,土,つち,,土,NOUN,,3,{LULI_KANJI_L01},,356c71d3-c158-58cf-a42d-7efab762472b,300,2022-08-15,,,,,,,,,,,,,
ground; land; territory,地,ち,,地,NOUN,,3,{LULI_KANJI_L01},,b05a993b-f894-5720-a08d-031191ad57e5,301,2022-08-15,,,,,,,,,,,,,
north,北,きた,,北,NOUN,,5,{LULI_KANJI_L01},{compass_direction},11d88f21-b92c-524a-a750-e3b3eb5db233,302,2022-08-15,,,,,,,,,,,,,
south,南,みなみ,,南,NOUN,,5,{LULI_KANJI_L01},{compass_direction},787954e6-c587-5148-afa9-69de0df5a195,303,2022-08-15,,,,,,,,,,,,,
east,東,ひがし,,東,NOUN,,5,{LULI_KANJI_L01},{compass_direction},72e6a9e9-44f5-516c-9543-5c0754218c8e,304,2022-08-15,,,,,,,,,,,,,
west,西,にし,,西,NOUN,,5,{LULI_KANJI_L01},{compass_direction},f01992dc-39c8-5478-97f3-80052a1215f8,305,2022-08-15,,,,,,,,,,,,,
tree; shrub; bush,木,き,,木,NOUN,,5,{LULI_KANJI_L01},,fbd9dcaa-2454-526e-b8a1-4b4e68fed07a,306,2022-08-15,,,,,,,,,,,,,
rice field,田,た,,田,NOUN,,3,{LULI_KANJI_L01},,5fbad03e-b5f7-51ea-998a-d8e68b87a332,307,2022-08-15,,,,,,,,,,,,,
cherry tree; cherry blossom,桜,さくら,,桜,NOUN,,3,,,4769746e-d143-5e87-bfe8-841622ac2659,308,2022-08-31,,,,,,,,,,,,,
want,欲しい,ほしい,,欲しい,ADJECTIVE,I_ADJECTIVE,5,"{DUO_01_02,DUO_U01}",,39007001-a5bd-5f32-b00a-41b88d6dcb04,309,2022-08-12,,欲しい,欲しかった,,欲しくない,欲しくなかった,,,,,,,
sweet,甘い,あまい,,甘い,ADJECTIVE,I_ADJECTIVE,5,"{DUO_01_02,DUO_U01}",{food},d296367e-4c7b-5675-9477-ef164a14186d,310,2022-08-12,,甘い,甘かった,,甘くない,甘くなかった,,,,,,,
dirty,汚い,きたない,,汚い,ADJECTIVE,I_ADJECTIVE,5,"{DUO_01_02,DUO_U01}",,a135ce08-66bb-5864-803a-134a43cd833b,311,2022-08-12,,汚い,汚かった,,汚くない,汚くなかった,,,,,,,
sushi,寿司,すし,,寿司,NOUN,,,"{DUO_01_02,DUO_U01}",{food},b0b557a1-615d-53a4-acdc-768151964aa5,312,2022-08-12,,,,,,,,,,,,,
sashimi,刺身,さしみ,,刺身,NOUN,,2,,{food},b39de966-5af7-5bec-a79b-2c72f8c7e4f9,313,2022-08-12,,,,,,,,,,,,,
wasabi,わさび,わさび,,山葵,NOUN,,,,{food},aea7b65d-8e51-5d8b-97f3-72b3c010afcb,314,2022-08-12,,,,,,,,,,,,,
tuna; bluefin,マグロ,まぐろ,,,NOUN,,,,{food},413b74af-f988-52c9-ad64-165507510443,315,2022-08-12,,,,,,,,,,,,,
eel,うなぎ,うなぎ,,鰻,NOUN,,,,"{animal,food}",70d02a0a-cd4d-5e2c-bb76-a042c9211b78,316,2022-08-12,,,,,,,,,,,,,
ear,耳,みみ,,耳,NOUN,,5,"{DUO_01_03,DUO_U02,LULI_KANJI_L01}",{body},fcb92bf6-7f59-59fd-863a-7aa2762f640d,317,2022-08-12,,,,,,,,,,,,,
eye,目,め,,目,NOUN,,5,"{DUO_01_03,DUO_U02,GENKI3_L07,LULI_KANJI_L01}",{body},08a92e33-466f-588d-b364-19981156b72f,318,2022-08-12,,,,,,,,,,,,,
mouth,口,くち,,口,NOUN,,5,"{GENKI3_L07,LULI_KANJI_L01}",{body},78b70b1a-bd80-521c-94a9-0dec45988921,319,2022-08-17,,,,,,,,,,,,,
hand; arm,手,て,,手,NOUN,,5,{LULI_KANJI_L01},{body},a3d9c5ec-a34a-5a91-b166-7291979bef67,320,2022-08-15,,,,,,,,,,,,,
foot,足,あし,,足,NOUN,,5,{LULI_KANJI_L01},{body},b5407428-ff7a-5715-8283-de41ff4e555c,321,2022-08-15,,,,,,,,,,,,,
back,背中,せなか,,背中,NOUN,,4,"{DUO_01_03,DUO_U02}",{body},12773416-725b-57f8-b7cc-856c607390db,322,2022-08-12,,,,,,,,,,,,,
cloudy,曇り,くもり,,曇り,NOUN,,5,"{DUO_01_03,DUO_U02,GENKI3_L08}",{weather},83e6b487-2d55-5480-a55b-2a808a40a3f1,323,2022-08-12,,,,,,,,,,,,,
sunny,晴れ,はれ,,晴れ,NOUN,,5,"{DUO_01_03,DUO_U02,GENKI3_L08}",{weather},a2edc793-e468-5c89-8566-efd896ac302c,324,2022-08-12,,,,,,,,,,,,,
outside,外,そと,,外,NOUN,,5,"{DUO_01_03,DUO_U02}",,05f754d9-f497-54db-9340-cea898b0ff28,325,2022-08-12,,,,,,,,,,,,,
fermented soybeans,納豆,なっとう,,納豆,NOUN,,,"{DUO_01_04,DUO_U02}",{food},3cae06c0-447c-5b59-b04b-4c5036c5ce20,326,2022-08-12,,,,,,,,,,,,,
wind; breeze; draft,風,かぜ,,風,NOUN,,5,"{DUO_01_04,DUO_U02}",,1a0c8160-c588-508a-bcbc-c3bf3bdbb0fe,327,2022-08-12,,,,,,,,,,,,,
map,地図,ちず,,地図,NOUN,,5,"{DUO_01_04,DUO_U02}",,86e894b7-ebf2-5e8e-991e-54ebd19f764d,328,2022-08-12,,,,,,,,,,,,,
fruit,果物,くだもの,,果物,NOUN,,5,"{DUO_01_04,DUO_U02,GENKI3_L05}",{food},7f320ae8-3952-5727-a45e-4c5535a79533,329,2022-08-12,,,,,,,,,,,,,
ticket,切符,きっぷ,,切符,NOUN,,5,"{DUO_01_04,DUO_U02}",,efc7ae30-059c-5579-9e95-1e53594af9ed,330,2022-08-12,,,,,,,,,,,,,
game,ゲーム,げえむ,,,NOUN,,3,{GENKI3_L04},{activity},038bec1a-765f-42b2-905d-28004fd829a3,331,2022-08-10,,,,,,,,,,,,,
part-time job,アルバイト,あればいと,,,NOUN,,4,{GENKI3_L04},{activity},303cf994-1062-45cd-9c22-738f09ffee51,332,2022-08-10,,,,,,,,,,,,,
part-time job (colloquial),バイト,ばいと,,,NOUN,,,{GENKI3_L04},{activity},8509b44f-d5d4-437f-a845-aae915c292dc,333,2022-08-10,,,,,,,,,,,,,
shopping,買い物,かいもの,,買い物,NOUN,,5,{GENKI3_L04},{activity},a024bfb6-a9ef-4690-904a-d8fa02367ed3,334,2022-08-10,,,,,,,,,,,,,
class,クラス,くらす,,,NOUN,,5,{GENKI3_L04},{activity},c52c9908-d959-404c-a8f8-161c2663e84e,335,2022-08-10,,,,,,,,,,,,,
person,人,ひと,,人,NOUN,,5,{GENKI3_L04},,624914ad-ed17-40f2-9260-e70c69962692,336,2022-08-10,,,,,,,,,,,,,
child,子供,こども,,子供,NOUN,,5,{GENKI3_L04},,399bbf9b-f7e7-429c-8874-42e0bf5cae9e,337,2022-08-10,,,,,,,,,,,,,
picture; photograph,写真,しゃしん,,写真,NOUN,,5,{GENKI3_L04},,e63daade-a22a-4554-a061-4077691692ee,338,2022-08-10,,,,,,,,,,,,,
flower,花,はな,,花,NOUN,,5,{GENKI3_L04},,8b29a67e-61cf-494a-972a-5d59944a53d6,339,2022-08-10,,,,,,,,,,,,,
(term) paper,レポート,れぽおと,,,NOUN,,4,{GENKI3_L04},,26eb1163-f6e3-43a8-b406-be60d5959e56,340,2022-08-10,,,,,,,,,,,,,
temple,お寺,おてら,,お寺,NOUN,,4,{GENKI3_L04},{place},8ff036c4-9800-49d5-906b-514520c78880,341,2022-08-10,,,,,,,,,,,,,
shinto shrine,神社,じんじゃ,,神社,NOUN,,4,,{place},0f9832ad-9fe4-4428-aa84-6f20064d973e,342,2022-08-10,,,,,,,,,,,,,
park,公園,こうえん,,公園,NOUN,,5,{GENKI3_L04},{place},fe1b8cc3-30c4-49ce-90de-e60514fdf437,343,2022-08-10,,,,,,,,,,,,,
supermarket,スーパー,すうぱあ,,,NOUN,,,{GENKI3_L04},{place},1e29f308-89f0-4c1d-bef5-323b3fdb1ca7,344,2022-08-10,,,,,,,,,,,,,
bus stop,バス停,ばすてい,,バス停,NOUN,,,{GENKI3_L04},{place},c406dd1a-75be-4283-97ee-5c7c31f904ed,345,2022-08-10,,,,,,,,,,,,,
hospital,病院,びょういん,,病院,NOUN,,5,{GENKI3_L04},{place},850f7735-fa14-49d2-9879-20d8a47dc0e8,346,2022-08-10,,,,,,,,,,,,,
hotel,ホテル,ほてる,,,NOUN,,5,{GENKI3_L04},{place},19bda9d8-1bbf-4d7b-8388-8375d9480918,347,2022-08-10,,,,,,,,,,,,,
bookstore,本屋,ほんや,,本屋,NOUN,,,{GENKI3_L04},{place},e0b533e8-f938-4c93-b5fc-cbf9a5efbc9c,348,2022-08-10,,,,,,,,,,,,,
town; city,町,まち,,町,NOUN,,5,{GENKI3_L04},{place},ddb16a7a-e9c0-4cce-ac65-ea78d074fce8,349,2022-08-10,,,,,,,,,,,,,
restaurant,レストラン,れすとらん,,,NOUN,,5,{GENKI3_L04},{place},470f29e2-10f1-4d28-9d80-d40f15fc171a,350,2022-08-10,,,,,,,,,,,,,
yesterday,昨日,きのう,,昨日,NOUN,,5,{GENKI3_L04},{time},d5575534-34bf-41fc-a7df-2ed647e61a05,351,2022-08-10,,,,,,,,,,,,,
...hours; time,〜時間,じかん,,〜時間,NOUN,,5,{GENKI3_L04},{time},819a835d-a6be-4c08-a364-8907b1226bbf,352,2022-08-10,,,,,,,,,,,,,
last week,先週,せんしゅう,,先週,NOUN,,5,{GENKI3_L04},{time},30e8ffe0-74a6-411b-957d-5ee3277bd853,353,2022-08-10,,,,,,,,,,,,,
when...; at the time of...,時,とき,,時,NOUN,,3,{GENKI3_L04},{time},585f82ea-6a6a-4005-b3a6-ed57442a6ed9,354,2022-08-10,,,,,,,,,,,,,
Monday,月曜日,げつようび,,月曜日,NOUN,,5,{GENKI3_L04},{time},7e9e71f3-ca82-40b2-9190-e8df09a60b70,355,2022-08-10,,,,,,,,,,,,,
Tuesday,火曜日,かようび,,火曜日,NOUN,,5,{GENKI3_L04},{time},a7f63c04-eeb1-4cc9-b9e7-93c5aef67195,356,2022-08-10,,,,,,,,,,,,,
Wednesday,水曜日,すいようび,,水曜日,NOUN,,5,{GENKI3_L04},{time},b7290a17-b80a-4663-84b4-fb97c53ac10e,357,2022-08-10,,,,,,,,,,,,,
Thursday,木曜日,もくようび,,木曜日,NOUN,,5,{GENKI3_L04},{time},29385baf-a573-49a4-b4b5-0119dae49df3,358,2022-08-10,,,,,,,,,,,,,
Friday,金曜日,きんようび,,金曜日,NOUN,,5,{GENKI3_L04},{time},1ecc5944-6007-4a9f-8153-41e50842b67a,359,2022-08-10,,,,,,,,,,,,,
there exists... (animate),いる,いる,,,VERB,ICHIDAN_VERB,5,{GENKI3_L04},{to_be_verb},8728a06a-1e5b-436b-939a-b1d96a7d9f79,360,2022-08-10,,いる,いた,いて,いない,いなかった,いなくて,います,いました,,いません,いませんでした,
there is... (inanimate),ある,ある,,,VERB,GODAN_VERB,5,{GENKI3_L04},{to_be_verb},a4025eed-7054-4b18-b8ce-c90bc7ed6b00,361,2022-08-10,,ある,あった,あって,ない,なかった,なくて,あります,ありました,,ありません,ありませんでした,
to meet; to see a person,会う,あう,,会う,VERB,GODAN_VERB,5,{GENKI3_L04},,a7c68ed2-5f08-4411-9030-42347f7d571f,362,2022-08-10,,会う,会った,会って,会わない,会わなかった,会わなくて,会います,会いました,,会いません,会いませんでした,
to buy; to purchase,買う,かう,,買う,VERB,GODAN_VERB,5,{GENKI3_L04},,1e617d48-2df2-4c74-b732-89783d176db9,363,2022-08-10,,買う,買った,買って,買わない,買わなかった,買わなくて,買います,買いました,,買いません,買いませんでした,
to write,書く,かく,,書く,VERB,GODAN_VERB,5,{GENKI3_L04},,1629794a-84d2-44f3-b05b-89bcb817152a,364,2022-08-10,,書く,書いた,書いて,書かない,書かなかった,書かなくて,書きます,書きました,,書きません,書きませんでした,
to take (a photograph),撮る,とる,,撮る,VERB,GODAN_VERB,5,{GENKI3_L04},,ab8ef931-7703-4d80-9272-bbc453f19b69,365,2022-08-10,,撮る,撮った,撮って,撮らない,撮らなかった,撮らなくて,撮ります,撮りました,,撮りません,撮りませんでした,
to wait,待つ,まつ,,待つ,VERB,GODAN_VERB,5,{GENKI3_L04},,7e09edbb-c75f-4ee4-8006-89ac3deea1d0,366,2022-08-10,,待つ,待った,待って,待たない,待たなかった,待たなくて,待ちます,待ちました,,待ちません,待ちませんでした,
to understand; to comprehend,わかる,わかる,,分かる,VERB,GODAN_VERB,5,{GENKI3_L04},,749a9435-10dc-4b02-b1dc-778f08e86258,367,2022-08-10,,わかる,わかった,わかって,わからない,わからなかった,わからなくて,わかります,わかりました,,わかりません,わかりませんでした,
to know; to be aware of,知る,しる,,知る,VERB,GODAN_VERB,5,{GENKI3_L07},,b32131c2-4721-5e1c-ba58-e06896a83cf1,368,2022-09-08,,知る,知った,知って,知らない,知らなかった,知らなくて,知ります,知りました,,知りません,知りませんでした,
about (approximate measurment),〜ぐらい,ぐらい,,,SUFFIX,,1,{GENKI3_L04},,9fe24c28-0eae-4a2c-ad49-16f76680afec,369,2022-08-10,,,,,,,,,,,,,
excuse me,すみません,すみません,,,EXPRESSION,,3,,,9ec6f020-0166-4d80-a938-070eeb78cc05,370,2022-08-10,,,,,,,,,,,,,
sorry,ごめん,ごめん,,,INTERJECTION,,2,,,7d011295-e767-462a-85a9-8f5fab4883b8,371,2022-08-10,,,,,,,,,,,,,
I'm deeply sorry sorry,ごめんなさい,ごめんなさい,,,EXPRESSION,,3,{GENKI3_L04},,46ba5ddd-9d1f-4bc0-982e-a67e7bb4b307,372,2022-08-10,,,,,,,,,,,,,
and then,それから,それから,,,EXPRESSION,,5,{GENKI3_L04},,7ded3290-23fd-4091-83c5-560563afeed3,373,2022-08-10,,,,,,,,,,,,,
so; therefore,だから,だから,,,CONJUNCTION,,4,{GENKI3_L04},,3fd6bcdf-d9e5-4cc9-8aab-46e121e4c86a,374,2022-08-10,,,,,,,,,,,,,
many; a lot,たくさん,たくさん,,沢山,NOUN,,5,{GENKI3_L04},,10eece8b-4102-41c5-9532-e62246da60e2,375,2022-08-10,,,,,,,,,,,,,
together with (a person); and,〜と,と,,,CONJUNCTION,,3,{GENKI3_L04},,d097a029-96a6-4cfe-936e-9f815b368de3,376,2022-08-10,,,,,,,,,,,,,
why; how,どうして,どうして,,,ADVERB,,5,{GENKI3_L04},,f439afe8-6382-4017-b594-de82a2d090e6,377,2022-08-10,,,,,,,,,,,,,
alone,一人で,ひとりで,,一人で,EXPRESSION,,,{GENKI3_L04},,0839c0a5-e217-465a-9b68-64994b80b119,378,2022-08-10,,,,,,,,,,,,,
hello? (phone),もしもし,もしもし,,,EXPRESSION,,,{GENKI3_L04},,82698354-a810-410e-a0c2-e2e9e391e7bc,379,2022-08-10,,,,,,,,,,,,,
right,右,みぎ,,右,NOUN,,5,{GENKI3_L04},{location},83d209ab-6760-5b3f-945c-f82a55d9bcc1,380,2022-08-10,,,,,,,,,,,,,
left,左,ひだり,,左,NOUN,,5,{GENKI3_L04},{location},92a12133-28d1-5327-b9b9-db5c7d58fcdb,381,2022-08-10,,,,,,,,,,,,,
in front; before,前,まえ,,前,NOUN,,5,{GENKI3_L04},{location},8c4152ae-6000-57f5-8244-ac48a99f7e20,382,2022-08-10,,,,,,,,,,,,,
in back; behind,後ろ,うしろ,,後ろ,NOUN,,5,{GENKI3_L04},{location},5abdcbf7-54bd-541a-be8b-e2aac1a36bf2,383,2022-08-10,,,,,,,,,,,,,
inside,中,なか,,中,NOUN,,5,{GENKI3_L04},{location},e37a40e2-6a4c-5046-9054-71bd174159cf,384,2022-08-10,,,,,,,,,,,,,
on,上,うえ,,上,NOUN,,5,{GENKI3_L04},{location},b7339af2-316c-551b-a5da-cb03d2ef2392,385,2022-08-10,,,,,,,,,,,,,
under,下,した,,下,NOUN,,5,{GENKI3_L04},{location},658ee639-0bc6-5cd5-8342-15f7698bf75d,386,2022-08-10,,,,,,,,,,,,,
near; nearby,近く,ちかく,,近く,NOUN,,5,{GENKI3_L04},{location},f8bbf752-a05d-542c-99ad-1b59fec7e4a6,387,2022-08-10,,,,,,,,,,,,,
next (to); adjacent,隣,となり,,隣,NOUN,,5,{GENKI3_L04},{location},9c00bb62-e821-5702-ad5d-20d324fdb688,388,2022-08-10,,,,,,,,,,,,,
between,間,あいだ,,間,NOUN,,5,{GENKI3_L04},{location},5d31fe9a-a3d5-548d-b92c-323392afbb5f,389,2022-08-10,,,,,,,,,,,,,
amazing,すごい,すごい,,凄い,ADJECTIVE,I_ADJECTIVE,4,,,4f2e177f-cee0-4330-ac19-9c6506a76c9b,390,2022-10-06,,,,,,,,,,,,,
let me see; well; errr; uh,ええと,ええと,,,EXPRESSION,,2,,,1892e385-4410-4dae-94d6-24b8c84c27a1,391,2022-10-06,,,,,,,,,,,,,
senior colleague,先輩,せんぱい,,先輩,NOUN,,4,,,e48fb32f-70db-56b6-9be3-882d953469c5,392,2022-09-14,,,,,,,,,,,,,
junior colleague,後輩,こうはい,,後輩,NOUN,,2,,,576386e2-9779-5938-9822-1c1013726a52,393,2022-09-14,,,,,,,,,,,,,
rice cracker,煎餅,せんべい,,煎餅,NOUN,,,,{food},c4fe5291-83a0-5e58-9791-744a785a3d9a,394,2022-08-12,,,,,,,,,,,,,
cake,ケーキ,ケえき,,,NOUN,,4,,{food},e182997f-4799-5c3c-a985-ed126db9687e,395,2022-08-12,,,,,,,,,,,,,
rice ball,お握り,おにぎり,,お握り,NOUN,,,,{food},676d3eb5-4992-5047-ad16-142df7b8ec38,396,2022-08-12,,,,,,,,,,,,,
salt,塩,しお,,塩,NOUN,,5,,{food},cd548aa6-54f8-5f0a-b55f-c0fcf26dbc2a,397,2022-08-12,,,,,,,,,,,,,
chopsticks,箸,はし,,箸,NOUN,,5,{GENKI3_L08},"{food,kitchen}",f9253f00-8203-5dc9-89f5-a39b4d3d9d55,398,2022-08-20,,,,,,,,,,,,,
(some) more; longer; further,もっと,もっと,,,ADVERB,,5,,,ca8b76ff-0345-5367-855a-fd69329898a6,399,2022-08-12,,,,,,,,,,,,,
geek; nerd,オタク,おたく,,,NOUN,,,,{slang},fa69ee4d-ab8a-5daf-8701-abab724eaade,400,2022-08-12,,,,,,,,,,,,,
hot water; hot bath; hot spring,湯,ゆ,,湯,NOUN,,4,,{water},3953151e-3280-5665-8c64-1bfabbedcdd2,401,2022-08-12,,,,,,,,,,,,,
hot spring,温泉,おんせん,,温泉,NOUN,,2,,,8c842dec-6e97-54b7-ad74-2408c4b88677,402,2022-08-12,,,,,,,,,,,,,
to stop moving; to come to a stop,止まる,とまる,,止まる,VERB,,,,,c30f6fb9-5695-5c83-80b8-6ff6fa07ce2e,403,2022-09-02,,,,,,,,,,,,,
stop (on road signage),止まれ,とまれ,,止まれ,EXPRESSION,,,,{transportation},461f8d91-ff08-5cf0-a0a9-891008b85589,404,2022-08-12,,,,,,,,,,,,,
plain; field,野,の,,野,NOUN,,3,,,8e1502b1-e593-5485-867d-72fcb3b1217d,405,2022-09-09,,,,,,,,,,,,,
division into equal parts,等分,とうぶん,,等分,NOUN,,2,,,7d911224-17ff-5957-a840-cf56e5907439,406,2022-08-12,,,,,,,,,,,,,
bride,花嫁,はなよめ,,花嫁,NOUN,,2,,,e396a0a2-95a9-52dc-bbde-5bbc8d28c073,407,2022-08-12,,,,,,,,,,,,,
master; teacher,師匠,ししょう,,師匠,NOUN,,,,,3f9be32c-56f7-5543-98b0-5f145ab43669,408,2022-08-12,,,,,,,,,,,,,
order; request,ご注文,ごちゅもん,,ご注文,NOUN,,,,,b0f23319-1e7e-5eee-aa4c-1181b78ebeec,409,2022-08-12,,,,,,,,,,,,,
witch,魔女,まじょ,,魔女,NOUN,,,,,c495dd60-9438-5d9f-892e-6b37d6d88c4a,410,2022-08-12,,,,,,,,,,,,,
demon; ogre,鬼,おに,,鬼,NOUN,,3,,,52f192e3-6628-546b-80b5-f63547b440d5,411,2022-08-12,,,,,,,,,,,,,
devine spirit,神,かみ,,神,NOUN,,3,,,63f02942-2ba9-5ff6-aa84-be6ecd6f209d,412,2022-08-12,,,,,,,,,,,,,
travel; trip; journey,旅,たび,,旅,NOUN,,3,,,abbcc24b-a635-5aeb-b6ef-387d88099538,413,2022-08-12,,,,,,,,,,,,,
mandarin orange,みかん,みかん,,蜜柑,NOUN,,,,,5050503b-7db6-47be-bef8-66ce9bd0088b,414,2022-10-06,,,,,,,,,,,,,
firefly,ほたる,ほたる,,蛍,NOUN,,1,,{animal},4a6ab2b4-2801-4faf-89c5-87a4651ec4d9,415,2022-10-06,,,,,,,,,,,,,
small candy store,駄菓子屋,だがしや,,駄菓子屋,NOUN,,,,,f5b5faa4-94d4-4ecc-896c-49e6bb18144d,416,2022-10-06,,,,,,,,,,,,,
light music,軽音楽,けいおんがく,,軽音楽,NOUN,,1,,,aeac8e75-ade1-55a0-b4d0-4203dc90df45,417,2022-08-19,,,,,,,,,,,,,
club; department (of company),部,ぶ,,部,NOUN,,1,,,300bed58-ddab-5420-8396-3147573388c3,418,2022-08-12,,,,,,,,,,,,,
stroll,散歩,さんぽ,,散歩,NOUN,,5,,,3e15a011-580f-46c7-a59c-b17b6cb530a4,419,2022-10-06,,,,,,,,,,,,,
small child; cute small version of someone,チビ,ちび,,,NOUN,,,,,e2a1e5ef-c9d8-5554-a912-e6014d2c0f35,420,2022-08-13,,,,,,,,,,,,,
cute,かわいい,かわいい,,可愛い,ADJECTIVE,I_ADJECTIVE,5,,,2c0b911e-ac72-5c04-bfd3-ebcd9e988dee,421,2022-08-13,,かわいい,かわいかった,,かわいくない,かわいくなかった,,,,,,,
counter for people,〜人,にん,,〜人,COUNTER,,,{GENKI3_L07},,356f27dd-22ca-4e95-b637-6ee6c52855f2,422,2022-09-26,,,,,,,,,,,,,
1 person; alone; single,一人,ひとり,,一人,NOUN,,5,{GENKI3_L07},,63328d5a-cff9-459a-bc29-b0ce33776a95,423,2022-09-26,,,,,,,,,,,,,
two people,二人,ふたり,,二人,NOUN,,5,{GENKI3_L07},,2ef7fa68-00e9-438c-8a78-e8e1b10cd274,424,2022-09-26,,,,,,,,,,,,,
heated table,こたつ,こたつ,,,NOUN,,1,,,281d7359-80a0-519d-9c57-504f35bfd5ee,425,2022-08-13,,,,,,,,,,,,,
Japanese bedding,布団,ふとん,,布団,NOUN,,4,,,c3f5ef65-8025-5f56-b5e1-efc61a1c81bc,426,2022-08-13,,,,,,,,,,,,,
to collect; to assemble; to gather,集める,あつめる,,集める,VERB,ICHIDAN_VERB,4,,,49dcb689-b576-56c7-b9f6-1da98acb2667,427,2022-08-22,,,,,,,,,,,,,
cheers,乾杯,かんぱい,,乾杯,NOUN,,2,,,4f3a6c3d-94a5-54c7-bd5c-c16d008d8cf7,428,2022-08-27,,,,,,,,,,,,,
laundry,洗濯,せんたく,,洗濯,NOUN,,5,,,4a03f495-c343-5e8f-a1fe-fd1b6624f63a,429,2022-08-29,,,,,,,,,,,,,
starry sky,星空,ほしぞら,,星空,NOUN,,,,,4126b8e5-2e98-52ad-b637-7bd8ed566781,430,2022-08-29,,,,,,,,,,,,,
"lively, energetic; well, healthy",元気,げんき,,元気,ADJECTIVE,NA_ADJECTIVE,5,{GENKI3_L05},,ee877e49-b3e4-5e51-a969-c620c8407809,431,2022-09-02,,元気だ,元気だった,,元気じゃない,元気じゃなかった,,,,,,,
"desire, wish; request",願い,ねがい,,願い,NOUN,,3,{DUO_U03},,4b7cb2ac-7b91-54eb-86e3-2366f5e802bb,432,2022-09-02,,,,,,,,,,,,,
request; favor to ask,お願い,おねがい,,お願い,NOUN,,5,,,689e561f-b2a7-44ca-bac7-0a7dbcf68d0a,433,2022-11-09,,,,,,,,,,,,,
to request; to ask a favor,お願いする,おねがいする,,お願いする,VERB,SURU_VERB,5,,,1d9fa8be-94a8-565a-93a3-973da9e759fa,434,2022-09-02,,お願いする,お願いした,お願いして,お願いしない,お願いしなかった,お願いしなくて,お願いします,お願いしました,,お願いしません,お願いしませんでした,
mochi,もち,もち,,餅,NOUN,,2,,,59f26319-a287-5600-95b4-714e7fe21547,435,2022-09-07,,,,,,,,,,,,,
autum colors; red leaves,紅葉,こうよう,,紅葉,NOUN,,2,,,43dce298-e577-5174-8f14-ecb525e67d38,436,2022-09-07,,,,,,,,,,,,,
Japanese maple,紅葉,もみじ,,紅葉,NOUN,,2,,,2100c24a-9ffb-436a-ab74-8f56ef0e338a,437,2022-09-07,,,,,,,,,,,,,
excited; trembling; getting nervous,わくわく,わくわく,,,ADVERB,,,,,25032880-e2a8-54f3-8681-22172c54b84a,438,2022-09-07,,,,,,,,,,,,,
being too late; losing one's final chance​,手遅れ,ておくれ,,手遅れ,NOUN,,1,,,94bb3768-7278-5e58-80cb-f5c809726ef1,439,2022-09-10,,,,,,,,,,,,,
food,食べ物,たべもの,,食べ物,NOUN,,5,{GENKI3_L05},,cdb482ec-df51-5e19-8c72-08a8cb1c0a3e,440,2022-09-07,,,,,,,,,,,,,
drink,飲み物,のみもの,,飲み物,NOUN,,5,{GENKI3_L05},,cf8e1efb-b036-56e8-ad12-5e06f9b26bde,441,2022-09-07,,,,,,,,,,,,,
holiday; day off; absence,休み,やすみ,,休み,NOUN,,5,{GENKI3_L05},,5d5eb0f1-6cb0-5383-8797-49330b70b84c,442,2022-09-07,,,,,,,,,,,,,
travel; trip; journey,旅行,りょこう,,旅行,NOUN,,5,{GENKI3_L05},,885a798b-20d9-5279-ba34-8324db75f028,443,2022-09-07,,,,,,,,,,,,,
sea,海,うみ,,海,NOUN,,5,{GENKI3_L05},,b569a875-d88f-5e2a-b063-0f3f29f06094,444,2022-09-07,,,,,,,,,,,,,
waterway; channel,澪,みお,,澪,NOUN,,,,,b0188056-54cc-55e1-8cbd-418370ed533d,445,2022-09-07,,,,,,,,,,,,,
surfing,サーフィン,すうふぃん,,,NOUN,,,{GENKI3_L05},,ed499008-cde3-543e-a0d9-693e001b321c,446,2022-09-07,,,,,,,,,,,,,
souvenir,お土産,おみやげ,,お土産,NOUN,,4,{GENKI3_L05},,fa1bca4b-31a8-5488-a6d9-5b5a3fe927b8,447,2022-09-07,,,,,,,,,,,,,
bus,バス,ばす,,,NOUN,,5,{GENKI3_L05},,2d402f9c-7727-5394-b6d5-8767371af073,448,2022-09-07,,,,,,,,,,,,,
weather,天気,てんき,,天気,NOUN,,5,{GENKI3_L05},,4c1ba9fa-920a-5646-8869-d84d39e842a3,449,2022-09-07,,,,,,,,,,,,,
homework,宿題,しゅくだい,,宿題,NOUN,,5,{GENKI3_L05},,a1bfcd70-a853-50b0-955b-32fe355c2700,450,2022-09-07,,,,,,,,,,,,,
test,テスト,てすと,,,NOUN,,5,{GENKI3_L05},,dee18a86-fd39-54bc-9a77-ee24ba39c17c,451,2022-09-07,,,,,,,,,,,,,
birthday,誕生日,たんじょうび,,誕生日,NOUN,,5,{GENKI3_L05},,6d4b95c5-1f5a-50e0-aa8b-5558e8211486,452,2022-09-07,,,,,,,,,,,,,
size L,Ｌサイズ,えるさいず,,,NOUN,,1,{GENKI3_L05},,deb66e89-8251-5b46-9bb1-b1338aaa4e62,453,2022-09-07,,,,,,,,,,,,,
new,新しい,あたらしい,,新しい,ADJECTIVE,I_ADJECTIVE,5,{GENKI3_L05},,3ea98874-cf05-5e92-b8f2-45751b667e83,454,2022-09-07,,新しい,新しかった,,新しくない,新しくなかった,,,,,,,
old (thing); ancient,古い,ふるい,,古い,ADJECTIVE,I_ADJECTIVE,5,{GENKI3_L05},,9ab38a71-325c-5f1b-b0aa-d9c5ce43b888,455,2022-09-07,,古い,古かった,,古くない,古くなかった,,,,,,,
hot weather,暑い,あつい,,暑い,ADJECTIVE,I_ADJECTIVE,5,{GENKI3_L05},,21d6fb85-2f85-5a8c-a29b-375f90b9803e,456,2022-09-07,,暑い,暑かった,,暑くない,暑くなかった,,,,,,,
cold weather,寒い,さむい,,寒い,ADJECTIVE,I_ADJECTIVE,5,{GENKI3_L05},,dbeefce5-aaa6-5694-985d-6771413fa0fd,457,2022-09-07,,寒い,寒かった,,寒くない,寒くなかった,,,,,,,
hot thing,熱い,あつい,,熱い,ADJECTIVE,I_ADJECTIVE,5,{GENKI3_L05},,9a7ac507-ea08-5187-ad27-04615036db05,458,2022-09-07,,熱い,熱かった,,熱くない,熱くなかった,,,,,,,
busy people/days,忙しい,いそがしい,,忙しい,ADJECTIVE,I_ADJECTIVE,5,{GENKI3_L05},,36bbdf48-c6cf-502b-85a2-26bec94171c5,459,2022-09-07,,忙しい,忙しかった,,忙しくない,忙しくなかった,,,,,,,
large,大きい,おおきい,,大きい,ADJECTIVE,I_ADJECTIVE,5,{GENKI3_L05},,9c26c29d-c047-519d-bd01-6eb035e74752,460,2022-09-07,,大きい,大きかった,,大きくない,大きくなかった,,,,,,,
small,小さい,ちいさい,,小さい,ADJECTIVE,I_ADJECTIVE,5,{GENKI3_L05},,bbdc1a0a-1d15-5484-89ac-e3594f2d0e70,461,2022-09-07,,小さい,小さかった,,小さくない,小さくなかった,,,,,,,
interesting; funny,面白い,おもしろい,,面白い,ADJECTIVE,I_ADJECTIVE,5,{GENKI3_L05},,14eb54bb-8d5f-50c2-b2e7-9b89a32a18f6,462,2022-09-07,,面白い,面白かった,,面白くない,面白くなかった,,,,,,,
boring,つまらない,つまらない,,詰まらない,ADJECTIVE,I_ADJECTIVE,5,{GENKI3_L05},,2e46c8d1-bb5e-5c96-9e63-b1d4fc035da1,463,2022-09-07,,つまらない,つまらなかった,,つまらなくない,つまらなくなかった,,,,,,,
easy (problem),やさしい,やさしい,,易しい,ADJECTIVE,I_ADJECTIVE,5,{GENKI3_L05},,ce5f2a5f-821f-5a5f-b5e5-6b59658ee781,464,2022-09-07,,やさしい,やさしかった,,やさしくない,やさしくなかった,,,,,,,
kind (person),優しい,やさしい,,優しい,ADJECTIVE,I_ADJECTIVE,4,,,f0506ed6-e8ae-5d80-90bc-d527638693f8,465,2022-09-07,,優しい,優しかった,,優しくない,優しくなかった,,,,,,,
difficult,難しい,むずかしい,,難しい,ADJECTIVE,I_ADJECTIVE,5,{GENKI3_L05},,835597f8-7be1-561d-8ef8-9c73316e9b49,466,2022-09-07,,難しい,難しかった,,難しくない,難しくなかった,,,,,,,
good-looking; cool,かっこいい,かっこいい,,格好いい,ADJECTIVE,YOI_ADJECTIVE,,{GENKI3_L05},,46305ec7-a809-547e-bb67-8533f9059b26,467,2022-09-07,,かっこいい,かっこよかった,,かっこよくない,かっこよくなかった,,,,,,,
frightening,怖い,こわい,,怖い,ADJECTIVE,I_ADJECTIVE,4,{GENKI3_L05},,b28e9f01-a176-5cfa-b00b-e1fd1552f02d,468,2022-09-07,,怖い,怖かった,,怖くない,怖くなかった,,,,,,,
fun,楽しい,たのしい,,楽しい,ADJECTIVE,I_ADJECTIVE,5,{GENKI3_L05},,03824733-2e97-5d1e-8705-2520abf86985,469,2022-09-07,,楽しい,楽しかった,,楽しくない,楽しくなかった,,,,,,,
inexpensive; cheap (thing),安い,やすい,,安い,ADJECTIVE,I_ADJECTIVE,5,{GENKI3_L05},,a1c2f5e9-df18-5d9f-83db-7d30491b502d,470,2022-09-07,,安い,安かった,,安くない,安くなかった,,,,,,,
disgusted with; to dislike,嫌い,きらい,,嫌い,ADJECTIVE,NA_ADJECTIVE,5,{GENKI3_L05},,cad48907-4908-5de4-8ee7-0c78c98ab755,471,2022-09-07,,嫌いだ,嫌いだった,,嫌いじゃない,嫌いじゃなかった,,,,,,,
very fond of; to love,大好き,だいすき,,大好き,ADJECTIVE,NA_ADJECTIVE,5,{GENKI3_L05},,f12880cb-86c7-5720-8773-a1cdfbe838f7,472,2022-09-07,,,,,,,,,,,,,
to hate,大嫌い,だいきらい,,大嫌い,ADJECTIVE,NA_ADJECTIVE,,{GENKI3_L05},,f610a74c-6229-5d19-b214-c183c4a1d92b,473,2022-09-07,,,,,,,,,,,,,
neither like nor dislike it,好きでも嫌いでもないです,すきでもきらいでもないです,,好きでも嫌いでもないです,EXPRESSION,,,{GENKI3_L05},,439064cf-bf88-40b4-91ae-12440a980aec,474,2022-11-12,,,,,,,,,,,,,
beautiful; clean,きれい,きれい,,,ADJECTIVE,NA_ADJECTIVE,5,{GENKI3_L05},,8218a74b-27ab-5310-80f8-8cca81609f73,475,2022-09-07,,きれいだ,きれいだった,,きれいじゃない,きれいじゃなかった,,,,,,,
quiet,静か,しずか,,静か,ADJECTIVE,NA_ADJECTIVE,5,{GENKI3_L05},,489610bc-c907-5de6-a0e7-acbeba740f3d,476,2022-09-07,,静かだ,静かだった,,静かじゃない,静かじゃなかった,,,,,,,
lively,賑やか,にぎやか,,賑やか,ADJECTIVE,NA_ADJECTIVE,5,{GENKI3_L05},,96e3bcd4-e542-5d84-8576-c33f94149bc8,477,2022-09-07,,賑やかだ,賑やかだった,,賑やかじゃない,賑やかじゃなかった,,,,,,,
not busy; free (time),暇,ひま,,暇,ADJECTIVE,NA_ADJECTIVE,5,{GENKI3_L05},,585dccbc-01ad-5691-95c0-a5d402db619d,478,2022-09-07,,暇だ,暇だった,,暇じゃない,暇じゃなかった,,,,,,,
to swim,泳ぐ,およぐ,,泳ぐ,VERB,GODAN_VERB,5,{GENKI3_L05},,4ae77db0-2b66-543a-8d78-8e51c4cb0676,479,2022-09-07,,泳ぐ,泳いだ,泳いで,泳がない,泳がなかった,泳がなくて,泳ぎます,泳ぎました,,泳ぎません,泳ぎませんでした,
to ride; to board,乗る,のる,,乗る,VERB,GODAN_VERB,5,{GENKI3_L05},,2bcd828d-02d9-5834-8e4e-2a9fdecb800f,480,2022-09-07,,乗る,乗った,乗って,乗らない,乗らなかった,乗らなくて,乗ります,乗りました,,乗りません,乗りませんでした,
to do; to perform; to play (a game),やる,やる,,,VERB,GODAN_VERB,1,{GENKI3_L05},,43056e9d-b789-5d3b-ae22-ccd5feca4e1a,481,2022-09-07,,やる,やった,やって,やらない,やらなかった,やらなくて,やります,やりました,,やりません,やりませんでした,
to go out,出かける,でかける,,出かける,VERB,ICHIDAN_VERB,5,{GENKI3_L05},,87f65ff6-cc11-5ed3-ae0f-91cd20cf2c32,482,2022-09-07,,出かける,出かけた,出かけて,出かけない,出かけなかった,出かけなくて,出かけます,出かけました,,出かけません,出かけませんでした,
exit,出口,でぐち,,出口,NOUN,,5,,,6debd947-e8ba-512e-8457-8bf0e7ea9e5b,483,2022-09-07,,,,,,,,,,,,,
together (with); at the same time;,一緒に,いっしょに,,一緒に,ADVERB,,,{GENKI3_L05},,3121a086-d388-5e2d-87ea-42928a70bdb2,484,2022-09-07,,,,,,,,,,,,,
extremely,すごく,すごく,,凄く,ADVERB,,,{GENKI3_L05},,0dbac8fa-7de5-557b-a950-da804909a322,485,2022-09-07,,,,,,,,,,,,,
very,とても,とても,,,ADVERB,,5,{GENKI3_L05},,49100de9-fba3-596c-a2d2-d7d268716d82,486,2022-09-07,,,,,,,,,,,,,
what kind of...,どんな,どんな,,,PRE_NOUN_ADJECTIVAL,,3,{GENKI3_L05},,a7e30acf-baa9-5c69-b41d-b344f631a8a6,487,2022-09-07,,,,,,,,,,,,,
lets...,〜ましょう,〜ましょう,,,SUFFIX,,,{GENKI3_L05},,17cbc2b7-df6c-4861-b402-d65d6e964e35,488,2022-11-13,,,,,,,,,,,,,
counter for flat objects,〜枚,〜まい,,〜枚,COUNTER,,1,{GENKI3_L05},,acbf41df-4c3c-58fe-b99e-30d088bafb4f,489,2022-09-07,,,,,,,,,,,,,
grass,草,くさ,,草,NOUN,,4,,,705836bd-ede4-4766-b461-1b31b77670ce,490,2022-10-18,,,,,,,,,,,,,
rock,岩,いわ,,岩,NOUN,,3,,,3cdcdc1a-12df-4976-99f0-790caea5bb4e,491,2022-10-18,,,,,,,,,,,,,
snow,雪,ゆき,,雪,NOUN,,5,{GENKI3_L08},,1c37cf6a-0658-475d-a9c8-a4ea52137029,492,2022-10-18,,,,,,,,,,,,,
Ms. (girl),〜ちゃん,ちゃん,,,SUFFIX,,4,,,c0e4b32f-1310-43d5-af64-b603c84c9f3a,493,2022-10-25,,,,,,,,,,,,,
Mr. (boy),〜君,くん,,君,SUFFIX,,4,,,0671d3cc-dfba-4f30-8782-69ceb2c757d7,494,2022-10-25,,,,,,,,,,,,,
Mr/Miss (honorific),〜様,さま,,様,SUFFIX,,1,,,74cc48bc-dd21-4277-9f73-9d16c7e69fe9,495,2022-10-25,,,,,,,,,,,,,
(my) dad,父,ちち,,父,NOUN,,,{GENKI3_L07},,685db54c-3d62-4fb2-b18e-28bfdf659461,496,2022-10-25,,,,,,,,,,,,,
(my) mom,母,はは,,母,NOUN,,,{GENKI3_L07},,48985c71-3274-4715-9a7c-a7f4e61144e5,497,2022-10-25,,,,,,,,,,,,,
tummy torture; food terrorism,飯テロ,めしてろ,,飯テロ,NOUN,,,,{food},321b332a-43be-46d2-8e2a-b49a3a18fa13,498,2022-10-18,,,,,,,,,,,,,
lonely; solitary,寂しい,さびしい,,寂しい,ADJECTIVE,I_ADJECTIVE,4,,,dd54072a-e05a-4b60-a493-578ef2cb015f,499,2022-09-07,,,,,,,,,,,,,
mouth is lonely,口寂しい,くちさびしい,,口寂しい,ADJECTIVE,I_ADJECTIVE,,,,aa063477-ef31-4780-9af0-85bc0daccbcf,500,2022-10-06,,,,,,,,,,,,,
tidal wave,津波,つなみ,,津波,NOUN,,1,,,9602b36a-fef2-58f6-a53a-84283766c73d,501,2022-09-17,,,,,,,,,,,,,
typhoon,台風,たいふう,,台風,NOUN,,4,,,18483a29-02d3-5d72-be2f-2e865c5689a1,502,2022-09-17,,,,,,,,,,,,,
earthquake,地震,じしん,,地震,NOUN,,4,,,932265f2-4f7c-5f7d-b31d-cb211276ae8d,503,2022-09-17,,,,,,,,,,,,,
lake,湖,みずうみ,,湖,NOUN,,4,,,890ba235-9527-4fe0-91bd-93629049bfb9,504,2022-10-09,,,,,,,,,,,,,
lake (place suffix),~湖,こ,,~湖,NOUN,,,,,4a460208-8302-4310-ad5a-1bddeaa9f6ed,505,2022-10-09,,,,,,,,,,,,,
"rice (husked, uncooked)",米,こめ,,米,NOUN,,4,,{food},61d1e705-cff1-4878-80a3-79621573e4d0,506,2022-10-09,,,,,,,,,,,,,
matcha,抹茶,まっちゃ,,抹茶,NOUN,,,,{food},65b11105-952e-4063-88a5-0e79208e9416,507,2022-10-11,,,,,,,,,,,,,
"cooking, esp. frying",焼き,やき,,焼き,NOUN,,,,{food},fbd864eb-69c2-42e7-8025-c8874a7adf1c,508,2022-10-25,,,,,,,,,,,,,
to assist; to help,手伝う,てつだう,,手伝う,VERB,GODAN_VERB,4,{GENKI3_L06},,efc52f0e-dabf-46c7-b2ad-26e571ae6d45,509,2022-10-12,,手伝う,手伝った,手伝って,手伝わない,手伝わなかった,手伝わなくて,手伝います,手伝いました,,手伝いません,手伝いませんでした,
help me please (formal),手伝ってください,てつだってください,,手伝ってください,EXPRESSION,,,,,98e17f90-7254-4559-aaab-3994c94f4a5b,510,2022-10-12,,,,,,,,,,,,,
help me please (casual),手伝って,てつだって,,手伝って,EXPRESSION,,,,,2f9f5860-7c39-49b6-8fd2-98ec4b1cc956,511,2022-10-12,,,,,,,,,,,,,
hooray,やった,やった,,,EXPRESSION,,,,,71518b72-71c5-4db0-9e05-e23304302703,512,2022-10-23,,,,,,,,,,,,,
darkness; despair,闇,やみ,,闇,NOUN,,,,,67417de0-0d2d-4c96-8343-426adba45ecb,513,2022-10-28,,,,,,,,,,,,,
wander; loiter; putter,さまよう,さまよう,,彷徨う,VERB,GODAN_VERB,,,,5b2f7659-36f5-49eb-bfe9-7eabf7790726,514,2022-10-28,,さまよう,さまよった,さまよって,さまよわない,さまよわなかった,さまよわなくて,さまよいます,さまよいました,,さまよいません,さまよいませんでした,
only; simply; to the extent of,だけ,だけ,,,PARTICLE,,1,,,2041019c-3b5f-4ad6-803e-f94ca34dc725,515,2022-10-28,,,,,,,,,,,,,
anticipation; looking forward,楽しみ,たのしみ,,,NOUN,,4,{SATORI_AKIKO},,b6c9813d-5289-4b39-8a74-b5f33c33caab,516,2022-10-28,,,,,,,,,,,,,
diary; journal,日記,にっき,,,NOUN,,4,{SATORI_AKIKO},,b1d00880-96a1-4022-83e8-37b3d194641a,517,2022-10-28,,,,,,,,,,,,,
this morning,今朝,けさ,,,NOUN,,5,"{GENKI3_L08,SATORI_AKIKO}",,08e9dd32-2b1b-4607-be8e-d478b4b61dcc,518,2022-10-28,,,,,,,,,,,,,
"from (e.g. time, place, numerical); since",から,から,,,PARTICLE,,,{SATORI_AKIKO},,a10a6ed4-5532-49e3-b3d5-85ce530a2e68,519,2022-10-28,,,,,,,,,,,,,
to fly; to soar,飛ぶ,とぶ,,,VERB,GODAN_VERB,5,{SATORI_AKIKO},,66b9dcc9-149e-4639-812b-d3a37529ddd5,520,2022-10-28,,飛ぶ,飛んだ,飛んで,飛ばない,飛ばなかった,飛ばなくて,飛びます,飛びました,,飛びません,飛びませんでした,
Seattle,シアトル,しあとる,,,PROPER_NOUN,,,{SATORI_AKIKO},"{city,place}",9e9f9643-20da-4b45-81cf-6529c352b762,521,2022-10-28,,,,,,,,,,,,,
airport,空港,くうこう,,空港,NOUN,,4,{SATORI_AKIKO},{place},9faa758c-5112-402d-8ef9-fd45059aac84,522,2022-10-28,,,,,,,,,,,,,
some time ago; just now,さっき,さっき,,,NOUN,,4,{SATORI_AKIKO},,462fbcf0-f756-490d-badd-58bbaad4b8a9,523,2022-10-28,,,,,,,,,,,,,
evening meal; dinner,夕食,ゆうしょく,,夕食,NOUN,,,{SATORI_AKIKO},{food},573b3e35-e29b-43d9-897a-f1ae85712b8f,524,2022-10-28,,,,,,,,,,,,,
together,一緒,いっしょ,,一緒,ADVERB,,5,{SATORI_AKIKO},,cef0ee5e-ff0d-41de-a8e1-795266b6e565,525,2022-10-28,,,,,,,,,,,,,
common carp,鯉,こい,,鯉,NOUN,,,,{animal},40181bee-9f80-4458-b950-5a03ad5c696b,526,2022-10-30,,,,,,,,,,,,,
romantic love,恋,こい,,恋,NOUN,,3,,,c45eae5d-011d-4200-9dd7-be3ec1c2bf51,527,2022-10-30,,,,,,,,,,,,,
boyfriend/girlfriend; lover,恋人,こいびと,,恋人,NOUN,,3,,,640bcc29-e162-4c4d-ad37-fb7e38525f00,528,2022-10-30,,,,,,,,,,,,,
first love; puppy love,初恋,はつこい,,初恋,NOUN,,,,,37b16f64-6ecc-4167-a55d-eab2255d1235,529,2022-11-02,,,,,,,,,,,,,
love,愛,あい,,愛,NOUN,,3,,,5fa42b1b-fb16-434f-8764-b1106aacfe13,530,2022-10-30,,,,,,,,,,,,,
to love,愛する,あいする,,愛する,VERB,SURU_VERB,3,,,72a0ccac-caea-43df-9099-076bae09c6e4,531,2022-10-30,,愛する,愛した,愛して,愛さない,愛しなかった,愛しなくて,愛します,愛しました,,愛しません,愛しませんでした,
thorn,刺,とげ,,刺,NOUN,,1,,,9654de24-9624-4834-aec3-4d26a88c3c79,532,2022-10-30,,,,,,,,,,,,,
thorny shrub; wild rose,茨,いばら,,茨,NOUN,,,,,c108107d-4842-4ff4-ac72-a221ce7c2f91,533,2022-10-30,,,,,,,,,,,,,
princess,姫,ひめ,,姫,NOUN,,,,,b08173f1-4500-4da6-81ee-cd7421bb3686,534,2022-10-30,,,,,,,,,,,,,
good; excellent; fine; agreeable,良い,よい,,良い,ADJECTIVE,I_ADJECTIVE,5,,,bd75e0c9-27e6-4f6f-803f-bb0ee9236290,535,2022-10-30,,,,,,,,,,,,,
want to do; would like to... (verb desire form),〜たい,たい,,,SUFFIX,,,,,e00b722d-5ec2-43b3-b972-157994823148,536,2022-10-31,,,,,,,,,,,,,
fireworks,花火,はなび,,花火,NOUN,,2,,,3bdf59a1-7f82-4e77-851b-462abfece32e,537,2022-11-03,,,,,,,,,,,,,
dictionary,辞書,じしょ,,辞書,NOUN,,5,,,8c2f94a9-ba53-4f55-931d-ca84f5264280,538,2022-11-06,,,,,,,,,,,,,
"dictionary (formal, expansive)",辞典,じてん,,辞典,NOUN,,4,,,0840f9a3-9712-4e33-9280-6e652015cc1f,539,2022-11-06,,,,,,,,,,,,,
encyclopedia,事典,じてん,,事典,NOUN,,,,,7793dcc0-cdf5-4844-bf94-17ccfaffd08d,540,2022-11-06,,,,,,,,,,,,,
word,単語,たんご,,単語,NOUN,,3,,,7651476c-6696-4e43-bc7b-ee17b7029ba3,541,2022-11-06,,,,,,,,,,,,,
vocabulary; lexicon,語彙,ごい,,語彙,NOUN,,1,,,cb2ffba7-427d-4fcd-a2d1-156d649a4343,542,2022-11-06,,,,,,,,,,,,,
kanji,漢字,かんじ,,漢字,NOUN,,5,{GENKI3_L06},,5963b6a2-d88d-4d1f-9ccd-97fb5a3c6991,543,2022-11-06,,,,,,,,,,,,,
textbook,教科書,きょうかしょ,,教科書,NOUN,,3,{GENKI3_L06},,02ed6978-40d0-4d0a-bf11-02cd6c60ebe0,544,2022-11-06,,,,,,,,,,,,,
page,ページ,ページ,,,NOUN,,5,{GENKI3_L06},,8b3e9b6b-e747-431c-949e-01553221da94,545,2022-11-06,,,,,,,,,,,,,
next,次,つぎ,,次,NOUN,,5,{GENKI3_L06},,62d782c4-f391-4e33-a434-0915798f606d,546,2022-11-06,,,,,,,,,,,,,
money,お金,おかね,,お金,NOUN,,5,{GENKI3_L06},,31eeca8f-9a62-45a4-a759-50b1acb95035,547,2022-11-06,,,,,,,,,,,,,
baggage,荷物,にもつ,,荷物,NOUN,,5,{GENKI3_L06},,c0495dfb-a31f-47d9-8491-0e3d4b7784e0,548,2022-11-06,,,,,,,,,,,,,
personal computer,パソコン,ぱそこん,,,NOUN,,4,{GENKI3_L06},,fc3da5a7-9659-4c32-b8e2-63b97e9dfc1a,549,2022-11-06,,,,,,,,,,,,,
shower,シャワー,しゃわあ,,,NOUN,,5,{GENKI3_L06},,43a58336-9990-47cf-badd-e2e32efee2df,550,2022-11-06,,,,,,,,,,,,,
air conditioner,エアコン,えあこん,,,NOUN,,,{GENKI3_L06},,7e8686c0-25a5-49de-badd-05f9cb1f3e1c,551,2022-11-06,,,,,,,,,,,,,
electricity; light,電気,でんき,,電気,NOUN,,5,{GENKI3_L06},,18d88e8e-d9e0-49f6-a3c0-db51e3181bad,552,2022-11-06,,,,,,,,,,,,,
train,電車,でんしゃ,,電車,NOUN,,5,{GENKI3_L06},{transportation},57396432-edea-432f-bab5-094ddf34e462,553,2022-11-06,,,,,,,,,,,,,
country; place of origin,国,くに,,国,NOUN,,5,{GENKI3_L06},,e3f4222a-3bf1-4cbe-8962-a83b64779f7e,554,2022-11-06,,,,,,,,,,,,,
this week,今週,こんしゅう,,今週,NOUN,,5,{GENKI3_L06},,768309d9-5536-443a-8989-78d36314563c,555,2022-11-06,,,,,,,,,,,,,
next week,来週,らいしゅう,,来週,NOUN,,5,{GENKI3_L06},,04b28ec0-446d-435f-accd-03cb50aa2816,556,2022-11-06,,,,,,,,,,,,,
next year,来年,らいねん,,来年,NOUN,,,{GENKI3_L06},,ce174904-5cdd-4329-9d57-d9543413c0b8,557,2022-11-06,,,,,,,,,,,,,
today; this day,本日,ほんじつ,,本日,NOUN,,,,,81f07e4d-909b-420a-b852-d6b68564cfcc,558,2022-11-06,,,,,,,,,,,,,
tough (situation); dreadful,大変,たいへん,,大変,ADJECTIVE,NA_ADJECTIVE,5,{GENKI3_L06},,aa0dbae3-a335-41ea-b0a7-2b2a7940bcdb,559,2022-11-06,,大変だ,大変だった,,大変じゃない,大変じゃなかった,,,,,,,
you may do + -te,〜もいいです,〜もいいです,,,SUFFIX,,,{GENKI3_L06},,d5eb1db2-38cb-4cd8-98da-f4fab0ff12ef,560,2022-11-27,,,,,,,,,,,,,
you must not do + -te,〜はいけません,〜はいけません,,,SUFFIX,,,{GENKI3_L06},,0d505663-fd52-4597-93c9-a0a05a91eeb1,561,2022-11-27,,,,,,,,,,,,,
because,〜から,〜から,,,SUFFIX,,,{GENKI3_L06},,5870cb37-28e6-46f7-9424-2309a88bd200,562,2022-11-27,,,,,,,,,,,,,
let me do...; offer assistance,〜ましょうか,〜ましょうか,,,SUFFIX,,,{GENKI3_L06},,a0a9d716-ca40-43b1-b741-4d996bba497d,563,2022-11-27,,,,,,,,,,,,,
to play; to spend time pleasantly,遊ぶ,あそぶ,,遊ぶ,VERB,GODAN_VERB,5,{GENKI3_L06},,03d2e184-ee1d-42b4-9bd8-8f627e42b543,564,2022-11-06,,遊ぶ,遊んだ,遊んで,遊ばない,遊ばなかった,遊ばなくて,遊びます,遊びました,,遊びません,遊びませんでした,
to hurry,急ぐ,いそぐ,,急ぐ,VERB,GODAN_VERB,4,{GENKI3_L06},,302c4402-8069-4dff-8849-c35b4c4e03af,565,2022-11-06,,急ぐ,急いだ,急いで,急がない,急がなかった,急がなくて,急ぎます,急ぎました,,急ぎません,急ぎませんでした,
to return (a thing),返す,かえす,,返す,VERB,GODAN_VERB,5,{GENKI3_L06},,8dd4c474-e947-4cff-a360-3d86f831245d,566,2022-11-06,,返す,返した,返して,返さない,返さなかった,返さなくて,返します,返しました,,返しません,返しませんでした,
to turn off; to erase,消す,けす,,消す,VERB,GODAN_VERB,5,{GENKI3_L06},,5fdb40f9-fa56-4e1c-bb63-4b65c88d0ef8,567,2022-11-06,,消す,消した,消して,消さない,消さなかった,消さなくて,消します,消しました,,消しません,消しませんでした,
to die,死ぬ,しぬ,,死ぬ,VERB,GODAN_VERB,5,{GENKI3_L06},,b398c1c2-e5e8-4d6d-ac7e-7c19c3348496,568,2022-11-03,,死ぬ,死んだ,死んで,死なない,死ななかった,死ななくて,死にます,死にました,,死にません,死にませんでした,
to sit down,座る,すわる,,座る,VERB,GODAN_VERB,5,{GENKI3_L06},,302a20f2-ce11-496b-8f9f-57f6eb69fedf,569,2022-11-06,,座る,座った,座って,座らない,座らなかった,座らなくて,座ります,座りました,,座りません,座りませんでした,
to stand up,立つ,たつ,,立つ,VERB,GODAN_VERB,5,{GENKI3_L06},,32a15edf-8576-4e81-8a17-4fa4de5e1a83,570,2022-11-06,,立つ,立った,立って,立たない,立たなかった,立たなくて,立ちます,立ちました,,立ちません,立ちませんでした,
to smoke; to breathe in; to sip; to absorb,吸う,すう,,吸う,VERB,GODAN_VERB,5,,,689665c5-083d-43d5-8f42-bdde636364be,571,2022-11-07,,吸う,吸った,吸って,吸わない,吸わなかった,吸わなくて,吸います,吸いました,,吸いません,吸いませんでした,
to smoke tobacco,タバコを吸う,たばこをすう,,タバコを吸う,VERB,GODAN_VERB,,{GENKI3_L06},,aff392d9-b36e-4db0-b277-220588c4164d,572,2022-11-06,,,,,,,,,,,,,
to use,使う,つかう,,使う,VERB,GODAN_VERB,5,{GENKI3_L06},,0b86b8fd-2de0-461b-aea3-c2407a45cfa5,573,2022-11-06,,使う,使った,使って,使わない,使わなかった,使わなくて,使います,使いました,,使いません,使いませんでした,
to enter,入る,はいる,,入る,VERB,GODAN_VERB,5,{GENKI3_L06},,260b582d-9cfa-41ad-8a5c-f6d476b15cca,574,2022-11-06,,入る,入った,入って,入らない,入らなかった,入らなくて,入ります,入りました,,入りません,入りませんでした,
to carry; to hold,持つ,もつ,,持つ,VERB,GODAN_VERB,5,{GENKI3_L06},,30391416-f09e-42d7-8fad-3da2072345ac,575,2022-11-06,,持つ,持った,持って,持たない,持たなかった,持たなくて,持ちます,持ちました,,持ちません,持ちませんでした,
to be absent from; to rest,休む,やすむ,,休む,VERB,GODAN_VERB,5,{GENKI3_L06},,51d61d46-90b0-4ad7-b706-3ca09d57f509,576,2022-11-06,,休む,休んだ,休んで,休まない,休まなかった,休まなくて,休みます,休みました,,休みません,休みませんでした,
to open (something),開ける,あける,,開ける,VERB,ICHIDAN_VERB,5,{GENKI3_L06},,0a71641d-4eea-4402-a085-3dfc05649a85,577,2022-11-07,,開ける,開けた,開けて,開けない,開けなかった,開けなくて,開けます,開けました,,開けません,開けませんでした,
to close (something),閉める,しめる,,閉める,VERB,ICHIDAN_VERB,5,{GENKI3_L06},,775ea672-e6cf-4404-8a53-4f255eb8896a,578,2022-11-07,,閉める,閉めた,閉めて,閉めない,閉めなかった,閉めなくて,閉めます,閉めました,,閉めません,閉めませんでした,
to teach; to instruct,教える,おしえる,,教える,VERB,ICHIDAN_VERB,5,{GENKI3_L06},,41e541a0-d1dc-4abd-995a-18c2cfb23671,579,2022-11-07,,教える,教えた,教えて,教えない,教えなかった,教えなくて,教えます,教えました,,教えません,教えませんでした,
to forget; to leave behind,忘れる,わすれる,,忘れる,VERB,ICHIDAN_VERB,5,{GENKI3_L06},,d94d586d-e5e5-4d9f-8ef7-1520f3d714cf,580,2022-11-07,,忘れる,忘れた,忘れて,忘れない,忘れなかった,忘れなくて,忘れます,忘れました,,忘れません,忘れませんでした,
to get off; to descend,降りる,おりる,,降りる,VERB,ICHIDAN_VERB,5,{GENKI3_L06},,e876fbbd-05cd-49a3-995a-2002ec68b841,581,2022-11-07,,降りる,降りた,降りて,降りない,降りなかった,降りなくて,降ります,降りました,,降りません,降りませんでした,
to borrow,借りる,かりる,,借りる,VERB,ICHIDAN_VERB,5,{GENKI3_L06},,78be3afb-da4b-4e78-b019-39ba138f1c33,582,2022-11-07,,借りる,借りた,借りて,借りない,借りなかった,借りなくて,借ります,借りました,,借りません,借りませんでした,
to bask; to bathe in; to be flooded with,浴びる,あびる,,浴びる,VERB,ICHIDAN_VERB,5,,,313659a3-3ae2-4a49-b5c0-bfb840178eab,583,2022-11-07,,浴びる,浴びた,浴びて,浴びない,浴びなかった,浴びなくて,浴びます,浴びました,,浴びません,浴びませんでした,
to take a shower,シャワーを浴びる,しゃわあをあびる,,シャワーを浴びる,VERB,ICHIDAN_VERB,,{GENKI3_L06},,ff59504a-164b-44a8-b108-aed6d9525249,584,2022-11-07,,,,,,,,,,,,,
to turn on (light),つける,つける,,点ける,VERB,ICHIDAN_VERB,2,{GENKI3_L06},,c586dd61-02b7-4f20-aa46-b9af2ea9d555,585,2022-11-07,,つける,つけた,つけて,つけない,つけなかった,つけなくて,つけます,つけました,,つけません,つけませんでした,
to call (on phone),電話する,でんわする,,電話する,VERB,SURU_VERB,,{GENKI3_L06},,1e870393-7556-4275-b53f-e150b3e33c86,586,2022-11-07,,電話する,電話した,電話して,電話しない,電話しなかった,電話しなくて,電話します,電話しました,,電話しません,電話しませんでした,
to bring (a person),連れてくる,つれてくる,,連れて来る,VERB,KURU_VERB,,{GENKI3_L06},,dad99237-3191-4473-9e44-77182e802cbb,587,2022-11-07,,連れてくる,連れてきた,連れてきて,連れてこない,連れてこなかった,連れてこなくて,連れてきます,連れてきました,,連れてきません,連れてきませんでした,
to bring (a thing); to fetch,持ってくる,もってくる,,持って来る,VERB,KURU_VERB,,{GENKI3_L06},,21491bc9-9f26-4a59-aaee-4b752fa458f7,588,2022-11-07,,持ってくる,持ってきた,持ってきて,持ってこない,持ってこなかった,持ってこなくて,持ってきます,持ってきました,,持ってきません,持ってきませんでした,
later on; afterwards,後で,あとで,,後で,EXPRESSION,,,{GENKI3_L06},,ff843c63-3c6d-4c1b-8598-8f31d721d17f,589,2022-11-07,,,,,,,,,,,,,
"right away, immediately; soon, shortly",すぐ,すぐ,,直ぐ,ADVERB,,1,{GENKI3_L06},,62145700-72d3-4363-85ce-d21aea2e5902,590,2022-11-07,,,,,,,,,,,,,
slowly; leisurly; unhurriedly,ゆっくり,ゆっくり,,,ADVERB,,5,{GENKI3_L06},,cb1ae163-3090-447c-bbdc-df7ba27becca,591,2022-11-07,,,,,,,,,,,,,
splendid; lovely; fine; sufficient; enough,結構,けっこう,,結構,ADJECTIVE,NA_ADJECTIVE,5,,,f1dea22d-de15-4858-af54-4709ee506ed6,592,2022-11-07,,結構だ,結構だった,,結構じゃない,結構じゃなかった,,,,,,,
that would be fine; that wouldn't be necessary,結構です,けっこうです,,結構です,EXPRESSION,,,{GENKI3_L06},,bb48ad15-f759-4f3a-a82e-086955c34c32,593,2022-11-07,,,,,,,,,,,,,
"truth, fact; proper, right, correct; genuine, authentic",本当,ほんとう,,本当,NOUN,,5,,,1db49d5c-aa27-425c-8137-e353588df09d,594,2022-11-07,,,,,,,,,,,,,
really?,本当ですか,ほんとうですか,,本当ですか,EXPRESSION,,,{GENKI3_L06},,8305b809-be6b-4db9-a865-6eab6bc3d31a,595,2022-11-07,,,,,,,,,,,,,
Happy New Year (before),良いお年をお迎え下さい,よいおとしをおむかえください,,良いお年をお迎え下さい,EXPRESSION,,,,{new_year},a76843ba-7c36-48c7-8228-c4fc87f7dc5a,596,2022-12-30,,,,,,,,,,,,,
Happy New Year (after),明けましておめでとうございます,あけましておめでとうございます,,明けましておめでとうございます,EXPRESSION,,,,{new_year},ee74ec67-b3e5-4897-80e1-a95662a97d2e,597,2022-12-30,,,,,,,,,,,,,
English Language,英語,えいご,,英語,NOUN,,5,,,bc35c124-e247-49d1-8d23-85c0f1526d5a,598,2022-11-27,,,,,,,,,,,,,
literature; the arts,文芸,ぶんげい,,文芸,NOUN,,2,,,6cba1e11-925c-40b6-a59c-00f167b33c66,599,2022-11-27,,,,,,,,,,,,,
astronomy,天文,てんもん,,天文,NOUN,,,,,73326224-f7f3-4425-836f-7c2ef93d478a,600,2022-11-27,,,,,,,,,,,,,
sunrise,日の出,ひので,,日の出,NOUN,,2,,,7de46d0a-f2a6-4fd9-89e4-6bd1584b5fb2,601,2022-11-27,,,,,,,,,,,,,
sunset,日の入り,ひのいり,,日の入り,NOUN,,2,,,1c01cf2f-afe8-4a7b-ba44-eaac86612667,602,2022-11-27,,,,,,,,,,,,,
boiling water,熱湯,ねっとう,,熱湯,NOUN,,1,,"{food,water}",d54c3104-3c82-4445-b71f-14598f3d2e8b,603,2022-11-27,,,,,,,,,,,,,
hot water (drinking; bath),お湯,おゆ,,お湯,NOUN,,,,"{food,water}",49dc8c97-6977-4a59-a820-0b63ad204368,604,2022-11-27,,,,,,,,,,,,,
boiled water (drinking),白湯,さゆ,,白湯,NOUN,,,,"{food,water}",8a1fa21b-c491-4e34-b626-8977b967be42,605,2023-01-16,,,,,,,,,,,,,
lukewarm water,ぬるま湯,ぬるまゆ,,ぬるま湯,NOUN,,,,{water},771dbdc2-4197-41d2-a1b6-6d813435b325,606,2022-11-27,,,,,,,,,,,,,
cold drinking water,お冷,おひや,,お冷,NOUN,,,,"{food,water}",187fa4bf-ceaf-488f-bb5f-d9ca4b1ee8cd,607,2022-11-27,,,,,,,,,,,,,
clean water,飲み水,のみみず,,飲み水,NOUN,,,,{water},3fe12824-389b-42d2-9850-12226ff0fbf2,608,2022-11-27,,,,,,,,,,,,,
soy sauce,醤油,しょうゆ,,醤油,NOUN,,5,,{food},089c39bb-7a84-4f28-af32-2b0a214e0e6c,609,2022-11-27,,,,,,,,,,,,,
sweet soy sauce,砂糖醤油,さとうじょうゆ,,砂糖醤油,NOUN,,,,{food},2e969dcf-cabb-4cee-b446-2990e2dc1f79,610,2022-11-27,,,,,,,,,,,,,
rice cracker w/ sweet soy glaze,ぽたぽた焼,ぽたぽたやき,,ぽたぽた焼,NOUN,,,,{food},507be1d7-9684-4c55-a7b0-c7747cfad3c2,611,2022-11-27,,,,,,,,,,,,,
it is assuredly that...; can say with confidence that...,〜なんです,なんです,,,AUXILIARY,,,,,c7af2e91-5b5c-478e-b95c-c4167249c7ff,612,2022-11-27,,,,,,,,,,,,,
you (male lang; derogatory),お前,おまえ,,お前,NOUN,,3,,,6a75dd67-15fc-4ae5-8742-5ab9f037aa1a,613,2022-11-27,,,,,,,,,,,,,
"the following, next",翌~,よく,,翌~,PREFIX,,,,,778ba9bb-ce07-4049-98ed-9fa73a5c4ae8,614,2022-12-24,,,,,,,,,,,,,
the following day,翌日,よくじつ,,翌日,NOUN,,,,,e0221c1c-46d8-41a2-84ad-cfae044d6c0a,615,2022-12-24,,,,,,,,,,,,,
two days later; day after next,翌々日,よくよくじつ,,翌々日,NOUN,,,,,2149878c-3d6e-4063-821d-7eba07487046,616,2022-12-24,,,,,,,,,,,,,
"origin place (country, city)",出身,しゅっしん,,出身,NOUN,,3,,,7915563f-ead7-42da-b0cb-143692e31c74,617,2022-12-24,,,,,,,,,,,,,
"people counter (e.g. seating, reservations), formal",〜名,めい,,〜名,COUNTER,,,,,168c01b9-0da1-457d-9106-23c7522b704a,618,2022-12-24,,,,,,,,,,,,,
...room,〜室,しつ,,〜室,SUFFIX,,1,,,4819b7d2-e342-4f75-a37c-f310a8897f6c,619,2022-12-24,,,,,,,,,,,,,
...shop,〜屋,や,,〜屋,SUFFIX,,,,,723f71ed-a490-4215-a2d2-383cb457a9d0,620,2022-12-24,,,,,,,,,,,,,
"fast, quick",速い,はやい,,速い,ADJECTIVE,I_ADJECTIVE,5,{GENKI3_L07},,08d3f50a-8030-47ad-97a7-afa79f92a71f,621,2022-12-24,,速い,速かった,,速くない,速くなかった,,,,,,,
"yeah, yes (informal)",うん,うん,,,INTERJECTION,,,,,24fca95f-34e4-4585-965e-3a6440e60594,622,2022-12-24,,,,,,,,,,,,,
"um, er, well; no (informal)",ううん,ううん,,,INTERJECTION,,,,,ab2654c4-b1ce-42b2-9e8e-1885ff4b567e,623,2022-12-29,,,,,,,,,,,,,
"eh?, what?, oh?",え,え,,,INTERJECTION,,,,,72520738-32e4-463f-90fa-3fc467b6c1cf,624,2022-12-24,,,,,,,,,,,,,
"to fall (of rain, snow, ash); to beam in (of sun or moon light)",降る,ふる,,降る,VERB,GODAN_VERB,5,,{weather},f6710348-4b06-4aad-a443-d1e151651a37,625,2022-12-26,,降る,降った,降って,降らない,降らなかった,降らなくて,降ります,降りました,,降りません,降りませんでした,
"to say; to name, to call",言う,いう,,言う,VERB,GODAN_VERB,5,,,ecb6ce90-dc84-4036-82e8-f38536f49638,626,2022-12-26,,言う,言った,言って,言わない,言わなかった,言わなくて,言います,言いました,,言いません,言いませんでした,
paper,紙,かみ,,紙,NOUN,,5,,,b5bf3815-355e-43ea-8a27-73d546ac818e,627,2022-12-26,,,,,,,,,,,,,
cross mark; × (incorrect),罰点,ばってん,,罰点,NOUN,,,,,d688e5d6-0cea-436b-b796-a2f7f2928b0f,628,2022-12-26,,,,,,,,,,,,,
circle; ○ (correct mark),丸,まる,,丸,NOUN,,3,,,7e5656f4-f427-44aa-a4c4-3ebb119b3900,629,2022-12-26,,,,,,,,,,,,,
"plump, chubby; 〇〇 (placeholder)",丸々,まるまる,,丸々,NOUN,,1,,,d864756e-dd31-48ab-8c50-b5c574c88f8f,630,2022-12-26,,,,,,,,,,,,,
good-work award (💮),花丸,はなまる,,花丸,NOUN,,,,,86f564c3-55ce-4b07-90ef-c08b55c4c73e,631,2022-12-26,,,,,,,,,,,,,
family,家族,かぞく,,家族,NOUN,,5,{GENKI3_L07},,12601bce-455c-489e-a29e-6fdfa29fe960,632,2022-12-26,,,,,,,,,,,,,
grandfather; old man,おじいさん,おじいさん,,お祖父さん,NOUN,,4,{GENKI3_L07},,74d31e11-bfdc-4f59-9132-691c156311b2,633,2022-12-26,,,,,,,,,,,,,
grandmother; old woman,おばあさん,おばあさん,,お祖母さん,NOUN,,5,{GENKI3_L07},,04217f8f-49cc-4214-a0a0-1ce19d526f2d,634,2022-12-26,,,,,,,,,,,,,
(my) older brother,兄,あに,,兄,NOUN,,5,{GENKI3_L07},,8ae6000c-4112-4a44-aeef-ca9ae03f005f,635,2022-12-26,,,,,,,,,,,,,
(my) older sister,姉,あね,,姉,NOUN,,5,{GENKI3_L07},,50dbab1e-ed8f-443f-8e8e-084012c326d7,636,2022-12-26,,,,,,,,,,,,,
man,男の人,おとこのひと,,男の人,NOUN,,3,{GENKI3_L07},,5b1f6b01-3ae2-4eb7-9234-4f79aa796c41,637,2022-12-26,,,,,,,,,,,,,
woman,女の人,おんあのひと,,女の人,NOUN,,2,{GENKI3_L07},,876dd9d0-72db-4bba-8c34-80f62cb358fa,638,2022-12-26,,,,,,,,,,,,,
cafeteria; dining commons,食堂,しょくどう,,食堂,NOUN,,5,{GENKI3_L07},,08fc35f2-25ad-4f21-8c9a-5e8b0ac46bcb,639,2022-12-26,,,,,,,,,,,,,
department store,デパート,でぱあと,,,NOUN,,5,{GENKI3_L07},,ede7bbcc-5506-4d37-bbf2-802b22422332,640,2022-12-26,,,,,,,,,,,,,
hair (on the head),髪,かみ,,髪,NOUN,,5,{GENKI3_L07},,fe9c2565-7cc3-4bbe-8c25-6a2302f83953,641,2022-12-26,,,,,,,,,,,,,
glasses,めがね,めがね,,眼鏡,NOUN,,5,{GENKI3_L07},,9a7a411c-754d-4e0a-a0ba-0641b5dbec0e,642,2022-12-26,,,,,,,,,,,,,
song,歌,うた,,歌,NOUN,,5,{GENKI3_L07},,ea726385-922e-4bd4-a05e-85b7ca9d66b7,643,2022-12-26,,,,,,,,,,,,,
club; group with common interests,サークル,さあくる,,,NOUN,,2,{GENKI3_L07},,74bc8dc3-881d-4428-b957-086adf3e18a2,644,2022-12-26,,,,,,,,,,,,,
car,車,くるま,,車,NOUN,,5,{GENKI3_L07},,2e35a029-8475-408a-bf4a-f56b7bd14035,645,2022-12-26,,,,,,,,,,,,,
automobile,自動車,じどうしゃ,,自動車,NOUN,,5,,,deb28223-ab48-4a06-a709-fdb7202b3c2b,646,2022-12-26,,,,,,,,,,,,,
marriage,結婚,けっこん,,結婚,NOUN,,5,{GENKI3_L07},,fe3b37ac-f110-460c-800b-eee4a4f03654,647,2022-12-28,,,,,,,,,,,,,
long,長い,ながい,,長い,ADJECTIVE,I_ADJECTIVE,5,{GENKI3_L07},,cb27ecc4-69df-4a8f-8d7c-617a5feb4963,648,2022-12-26,,長い,長かった,,長くない,長くなかった,,,,,,,
short (length),短い,みじかい,,短い,ADJECTIVE,I_ADJECTIVE,5,{GENKI3_L07},,511cc6ef-573e-4351-9e0b-ac5d1abaab97,649,2022-12-26,,短い,短かった,,短くない,短くなかった,,,,,,,
tall (stature),背が高い,せがたかい,,背が高い,ADJECTIVE,I_ADJECTIVE,,{GENKI3_L07},,37c41873-49cd-4de1-9f7c-95c626427047,650,2022-12-26,,背が高い,背が高かった,,背が高くない,背が高くなかった,,,,,,,
short (stature),背が低い,せがひくい,,背が低い,ADJECTIVE,I_ADJECTIVE,,{GENKI3_L07},,b921252b-8f5f-424b-8efa-e87d9728e04c,651,2022-12-26,,背が低い,背が低かった,,背が低くない,背が低くなかった,,,,,,,
head,頭,あたま,,頭,NOUN,,,,,64aafc63-0368-4042-ba5b-17bdc79dc01a,652,2023-01-28,,,,,,,,,,,,,
"bright, smart, clever",頭がいい,あたまがいい,,頭がいい,ADJECTIVE,YOI_ADJECTIVE,,{GENKI3_L07},,d77dfdc7-5046-4e92-85de-c42eb6e54473,653,2022-12-26,,頭がいい,頭がよかった,,頭がよくない,頭がよくなかった,,,,,,,
"kind, gentle, friendly, nice",親切,しんせつ,,親切,ADJECTIVE,NA_ADJECTIVE,4,{GENKI3_L07},,b2a15708-d53d-4a6c-86b0-471bd76d6779,654,2022-12-26,,親切だ,親切だった,,親切じゃない,親切じゃなかった,,,,,,,
convenient,便利,べんり,,便利,ADJECTIVE,NA_ADJECTIVE,5,{GENKI3_L07},,1cdf6da4-2dab-494f-af52-eb0dd3cd624f,655,2022-12-26,,便利だ,便利だった,,便利じゃない,便利じゃなかった,,,,,,,
to sing,歌う,うたう,,歌う,VERB,GODAN_VERB,5,{GENKI3_L07},,5420fa69-15ad-4fcc-8064-9fbbe42fdda0,656,2022-12-28,,歌う,歌った,歌って,歌わない,歌わなかった,歌わなくて,歌います,歌いました,,歌いません,歌いませんでした,
to put on (one's head),かぶる,かぶる,,被る,VERB,GODAN_VERB,3,{GENKI3_L07},,222790be-3f11-476e-80b0-3381f588a560,657,2022-12-28,,かぶる,かぶった,かぶって,かぶらない,かぶらなかった,かぶらなくて,かぶります,かぶりました,,かぶりません,かぶりませんでした,
to put on (items below waist),履く,はく,,履く,VERB,GODAN_VERB,3,{GENKI3_L07},,a7925f9c-1028-42b1-891f-b2b04a34758a,658,2022-12-28,,履く,履いた,履いて,履かない,履かなかった,履かなくて,履きます,履きました,,履きません,履きませんでした,
i know,知っています,しっています,,知っています,EXPRESSION,,,{GENKI3_L07},,a2957ec5-7725-4d5d-803b-9ad297aef01b,659,2022-12-28,,,,,,,,,,,,,
I do not know,知りません,しりません,,知りません,EXPRESSION,,,{GENKI3_L07},,0ebb5aeb-3c54-443d-896e-88705810cd12,660,2022-12-28,,,,,,,,,,,,,
to live in/at,〜にすんでいます,にすんでいます,,,SUFFIX,,,{GENKI3_L07},,28009363-b4e5-41da-bbb2-7ab5ebeb0bf6,661,2022-12-28,,,,,,,,,,,,,
to work,働く,はたらく,,働く,VERB,GODAN_VERB,5,{GENKI3_L07},,0f66ccc8-823e-4fe9-afb3-109c8aa212e1,662,2022-12-28,,働く,働いた,働いて,働かない,働かなかった,働かなくて,働きます,働きました,,働きません,働きませんでした,
to gain weight,太る,ふとる,,太る,VERB,GODAN_VERB,5,{GENKI3_L07},,0ef4603a-e224-4fd9-9993-7f1430bf1b27,663,2022-12-28,,太る,太った,太って,太らない,太らなかった,太らなくて,太ります,太りました,,太りません,太りませんでした,
overweight,太っています,ふとっています,,太っています,EXPRESSION,,,{GENKI3_L07},,1965b2ae-4c4e-4cce-8f27-e323e4f2d5fe,664,2022-12-28,,,,,,,,,,,,,
to lose weight,痩せる,やせる,,痩せる,VERB,ICHIDAN_VERB,4,{GENKI3_L07},,44794c0c-bc96-4815-b8d1-2bcf7ccb4106,665,2022-12-28,,痩せる,痩せた,痩せて,痩せない,痩せなかった,痩せなくて,痩せます,痩せました,,痩せません,痩せませんでした,
thin,痩せています,やせています,,痩せています,EXPRESSION,,,{GENKI3_L07},,2912e4e8-bfc0-4028-aa24-90d1fe929e2b,666,2022-12-28,,,,,,,,,,,,,
...but,〜が,が,,,CONJUNCTION,,,{GENKI3_L07},,08cb3130-9ccd-48cc-ae70-d4cf06813d70,667,2023-01-16,,,,,,,,,,,,,
not ... anything,何も,なにも,,何も,EXPRESSION,,3,{GENKI3_L07},,471243c4-6f8b-4475-931f-7e5920c2c681,668,2023-01-16,,,,,,,,,,,,,
not particularly; nothing in particular,別に,べつに,,別に,ADVERB,,3,{GENKI3_L07},,fe322488-4642-45ac-acfa-cbe0563d3f08,669,2023-01-16,,,,,,,,,,,,,
if you like,よかったら,よかったら,,良かったら,EXPRESSION,,,{GENKI3_L07},,41e2eb76-ea86-488c-97fd-9d8fef5b82ad,670,2023-01-16,,,,,,,,,,,,,
japanese cherry birch,梓,あずさ,,梓,NOUN,,,,,42154f3f-434e-4655-8aac-184d8144e666,671,2023-01-19,,,,,,,,,,,,,
as expected; sure enough,やっぱり,やっぱり,,矢っ張り,ADVERB,,2,,,edfe69b6-7431-4fc2-8a9f-9c44e0debd05,672,2023-01-19,,,,,,,,,,,,,
bullet train,新幹線,しんかんせん,,新幹線,NOUN,,2,,{transportation},a236594c-f447-4dc4-9aa4-782b76c2e325,673,2023-01-24,,,,,,,,,,,,,
"clump, cluster, lump",塊,かたまり,,塊,NOUN,,2,,,eac4900c-87dd-47d2-b598-42fff868832f,674,2023-01-24,,,,,,,,,,,,,
"soul, spirit",魂,だましい,,魂,NOUN,,,,,3b615b81-5f7d-4672-8756-51bdfddc95a5,675,2023-01-24,,,,,,,,,,,,,
chrysanthemum,菊,きく,,菊,NOUN,,,,,d0623e4f-7754-47c6-aa7b-af71cf2dedc4,676,2023-01-28,,,,,,,,,,,,,
chrysanthemum flower,菊花,きっか,,菊花,NOUN,,,,,d37d3ead-b4d2-4e17-ab5c-37aac9a0d99b,677,2023-01-28,,,,,,,,,,,,,
to be able to speak,話せる,はなせる,,話せる,VERB,ICHIDAN_VERB,,,,6f2e00e5-3045-47e7-807d-cb5165c208a7,678,2023-01-29,,話せる,話せた,話せて,話せない,話せなかった,話せなくて,話せます,話せました,,話せません,話せませんでした,
I can't speak much Japanese,日本語があまり話せません,にほんご　が　あまり　はなせません,,日本語があまり話せません,EXPRESSION,,,,,42e0676e-88bd-4999-bb56-b70fea5314c6,679,2023-01-29,,,,,,,,,,,,,
I only know a little Japanese,日本語少しだけ分かります,にほんご　すこし　だけ　わかります,,日本語少しだけ分かります,EXPRESSION,,,,,65c8ad73-6262-4d56-b95c-d2a516177874,680,2023-01-29,,,,,,,,,,,,,
"Sorry, I don't understand",すみません、分かりません,すみません、わかりません,,すみません、分かりません,EXPRESSION,,,,,5003d035-5662-4821-aed7-3aae20437f1a,681,2023-01-29,,,,,,,,,,,,,
weather forecast,天気予報,てんきよほう,,天気予報,NOUN,,4,{GENKI3_L08},,dce83318-5555-4ea3-b358-04c1081206f9,682,2023-01-28,,,,,,,,,,,,,
temperature (weather),気温,きおん,,気温,NOUN,,3,{GENKI3_L08},,5da770a7-203d-433f-ad98-977cf6ed691e,683,2023-01-28,,,,,,,,,,,,,
day after tomorrow,明後日,あさって,,明後日,NOUN,,5,{GENKI3_L08},,ba1341eb-aaf5-4174-b971-67eb85a9150d,684,2023-01-28,,,,,,,,,,,,,
every week,毎週,まいしゅう,,毎週,NOUN,,5,{GENKI3_L08},,cb740381-d3bf-4965-b1f7-b669c6e2c640,685,2023-01-28,,,,,,,,,,,,,
this month,今月,こんげつ,,今月,NOUN,,5,{GENKI3_L08},,0d0e341b-086a-46bc-aae1-430f620e3529,686,2023-01-28,,,,,,,,,,,,,
next month,来月,らいげつ,,来月,NOUN,,5,{GENKI3_L08},,282d2013-738f-4203-8978-a94672f013fd,687,2023-01-28,,,,,,,,,,,,,
job; work; occupation,仕事,しごと,,仕事,NOUN,,5,{GENKI3_L08},,37e210d1-608e-48ca-9224-3aa3bd222557,688,2023-01-28,,,,,,,,,,,,,
camera,カメラ,かめら,,,NOUN,,5,{GENKI3_L08},,6c8b18b7-9f25-42ff-9688-355ca9cf148f,689,2023-01-28,,,,,,,,,,,,,
karaoke,カラオケ,からおけ,,,NOUN,,,{GENKI3_L08},,a8444c30-e2ab-4cd6-8060-30a8b40b9c16,690,2023-01-28,,,,,,,,,,,,,
place,所,どころ,,所,NOUN,,5,{GENKI3_L08},,2933c37f-6c77-4586-a17e-f0d0960b1082,691,2023-01-28,,,,,,,,,,,,,
tomato,トマト,とまと,,,NOUN,,5,{GENKI3_L08},,95b69cbf-4c84-48cc-b954-2e46541f390a,692,2023-01-28,,,,,,,,,,,,,
barbecue,バーベキュー,ばあべきゅう,,,NOUN,,,{GENKI3_L08},,d801eaaf-ad48-4869-98cf-036ff6586b09,693,2023-01-28,,,,,,,,,,,,,
homestay; living with local family,ホームステイ,ほおむすてい,,,NOUN,,,{GENKI3_L08},,eb11e32d-299a-414d-907e-bc427df1485f,694,2023-01-28,,,,,,,,,,,,,
Spain,スペイン,すぺいん,,西班牙,NOUN,,,{GENKI3_L08},,8b86041d-869a-45d2-9b57-b9932b33ab51,695,2023-01-28,,,,,,,,,,,,,
something,何か,なにか,,何か,NOUN,,3,{GENKI3_L08},,e22a35df-233d-4fac-95b4-bc365e227126,696,2023-01-28,,,,,,,,,,,,,
